Id,Label,Top Game,Language
0,109ace,Hearthstone,Korean
1,22karubi,VALORANT,Japanese
2,2chamcham2,League of Legends,Korean
3,39daph,Art,English
4,5uppp,Among Us,English
5,72hrs,Apex Legends,English
6,8cho,Just Chatting,Spanish
7,8ljaywalking,Teamfight Tactics,Korean
8,95pingman,Just Chatting,Korean
9,9ambler,League of Legends,Korean
10,AdinRoss,Just Chatting,English
11,AgenteMaxo,Just Chatting,Spanish
12,Alanzoka,Just Chatting,Portuguese
13,Alexby11,Just Chatting,Spanish
14,Alinity,Just Chatting,English
15,Alliege,Fortnite,Spanish
16,AlphaCast,Just Chatting,French
17,Amouranth,ASMR,English
18,Ampeterby7,Fortnite,Spanish
19,Anas_Off,Grand Theft Auto V,French
20,Antfrost,Minecraft,English
21,AntoineDaniel,GeoGuessr,French
22,AriGameplays,Minecraft,Spanish
23,AriaSaki,Just Chatting,English
24,Ash_on_LoL,Grand Theft Auto V,English
25,Asmongold,World of Warcraft,English
26,AsunaWEEB,VALORANT,English
27,AussieAntics,Fortnite,English
28,AustinShow,Just Chatting,English
29,AverageJonas,VALORANT,English
30,Aydan,Call of Duty: Warzone,English
31,BENIJU03,Clash Royale,Spanish
32,BLOU,Just Chatting,English
33,BadBoyHalo,Minecraft,English
34,Baiano,League of Legends,Portuguese
35,BarcaGamer,Just Chatting,Spanish
36,BoomerNA,Minecraft,English
37,BrookeAB,Just Chatting,English
38,BruceGrannec,FIFA 21,French
39,Bugha,Fortnite,English
40,CBLOL,League of Legends,Portuguese
41,CDawgVA,Apex Legends,English
42,CaptainPuffy,Minecraft,English
43,CaptainSparklez,Minecraft,English
44,Carola,Minecraft,Spanish
45,Carreraaa,Just Chatting,Spanish
46,Cellbit,Just Chatting,Portuguese
47,Chanzes,Fortnite,English
48,Chica,Fortnite,English
49,ClintStevens,Super Mario 64,English
50,Clix,Fortnite,English
51,Co1azo,Fortnite,English
52,CodeMiko,Just Chatting,English
53,ConnorEatsPants,Just Chatting,English
54,CooLifeGame,Grand Theft Auto V,Spanish
55,Corpse_Husband,Back 4 Blood,English
56,CrankGameplays,Resident Evil Village,English
57,CriticalRole,Dungeons & Dragons,English
58,D3stri,Grand Theft Auto V,Spanish
59,DanTDM,Minecraft,English
60,DavyJones,Call of Duty: Warzone,Portuguese
61,Deujna,Just Chatting,French
62,Dilera,Call of Duty: Warzone,Portuguese
63,DisguisedToast,Just Chatting,English
64,Doigby,Minecraft,French
65,Domingo,Just Chatting,French
66,DreamAlt_,Minecraft,English
67,DropsByPonk,Minecraft,English
68,EASPORTSFIFA,FIFA 21,English
69,ESL_CSGO,Counter-Strike: Global Offensive,English
70,ElMariana,Just Chatting,Spanish
71,ElSpreen,Just Chatting,Spanish
72,EmadGG,Fortnite,English
73,Emiru,League of Legends,English
74,Enviosity,Genshin Impact,English
75,Eret,Minecraft,English
76,EsfandTV,World of Warcraft,English
77,Etoiles,Just Chatting,French
78,FaZeSway,Fortnite,English
79,Faker,League of Legends,Korean
80,FarfadoxVEVO,Minecraft,Spanish
81,Felps,Just Chatting,Portuguese
82,Fernanfloo,Fortnite,Spanish
83,Fextralife,New World,English
84,FlowPodcast,Talk Shows & Podcasts,Portuguese
85,Foolish_Gamers,VALORANT,English
86,Fortnite,Fortnite,English
87,Fresh,Fortnite,English
88,Froggen,League of Legends,English
89,Fundy,Minecraft,English
90,G0ularte,Just Chatting,Portuguese
91,Gabi,Just Chatting,Portuguese
92,Gaules,Counter-Strike: Global Offensive,Portuguese
93,Gemita,Just Chatting,Spanish
94,GenshinImpactOfficial,Genshin Impact,English
95,GeorgeNotFound,Minecraft,English
96,Gotaga,Call of Duty: Warzone,French
97,Greekgodx,Just Chatting,English
98,Guaxinim,Just Chatting,Portuguese
99,HBomb94,Minecraft,English
100,HasanAbi,Just Chatting,English
101,Hiko,VALORANT,English
102,IamCristinini,Grand Theft Auto V,Spanish
103,Inoxtag,Just Chatting,French
104,JASONR,VALORANT,English
105,JLAmaru,Just Chatting,French
106,JLBichouu,Grand Theft Auto V,French
107,JLTomy,Grand Theft Auto V,French
108,JackManifoldTV,Minecraft,English
109,JaggerPrincesa,Just Chatting,Spanish
110,JeanPormanove,Fortnite,French
111,JeelTV,Just Chatting,French
112,Jelty,Fortnite,Spanish
113,Jerma985,Just Chatting,English
114,Jinnytty,Just Chatting,English
115,Jirayalecochon,Just Chatting,French
116,Joueur_du_Grenier,Just Chatting,French
117,JustaMinx,Just Chatting,English
118,Kaceytron,Just Chatting,English
119,Kamet0,League of Legends,French
120,Kaydop,Rocket League,French
121,Kyedae,VALORANT,English
122,LCS,League of Legends,English
123,LITkillah,Grand Theft Auto V,Spanish
124,LOUD_Mii,Minecraft,Portuguese
125,LVNDMARK,Escape From Tarkov,English
126,Laink,Rocket League,French
127,LakshartNia,Minecraft,Spanish
128,LanuSky,Minecraft,English
129,LeBouseuh,Rocket League,French
130,Leynainu,ASMR,English
131,Locklear,Just Chatting,French
132,Loserfruit,Fortnite,English
133,LuluLuvely,Apex Legends,English
134,Luzu,Minecraft,Spanish
135,Maghla,Just Chatting,French
136,Markiplier,Just Chatting,English
137,Masayoshi,VALORANT,English
138,Maya,Just Chatting,English
139,Mayichi,ARK: Survival Evolved,Spanish
140,Meikodboy_,Grand Theft Auto V,Portuguese
141,MenosTrece,Escape From Tarkov,Spanish
142,Mickalow,Apex Legends,French
143,MissaSinfonia,Just Chatting,Spanish
144,Mizkif,Just Chatting,English
145,MoMaN,Grand Theft Auto V,French
146,Mongraal,Fortnite,English
147,MrSavage,Fortnite,English
148,Mushway,Fortnite,French
149,Myth,VALORANT,English
150,NICKMERCS,Call of Duty: Warzone,English
151,NOBRU,Garena Free Fire,Portuguese
152,NRG_Hamlinz,Just Chatting,English
153,Natsumiii,Just Chatting,English
154,Nephtunie,Call of Duty: Warzone,Spanish
155,NiceWigg,Apex Legends,English
156,NickEh30,Fortnite,English
157,Nihachu,Minecraft,English
158,NimuVT,Just Chatting,Spanish
159,Ninja,League of Legends,English
160,Nmplol,Just Chatting,English
161,Oscurlod,Just Chatting,Spanish
162,PGL,Counter-Strike: Global Offensive,English
163,PRINCE__OFF,FIFA 21,French
164,PaymoneyWubby,Just Chatting,English
165,Perxitaa,Grand Theft Auto V,Spanish
166,Pestily,Escape From Tarkov,English
167,Pewdiepie,other,English
168,Philza,Minecraft,English
169,PipePunk,Just Chatting,Spanish
170,PlayHard,Grand Theft Auto V,Portuguese
171,Ponce,Just Chatting,French
172,Punz,VALORANT,English
173,Purpled,Minecraft,English
174,QTCinderella,Just Chatting,English
175,Quackity,Minecraft,English
176,QuackityToo,Just Chatting,English
177,QuarterJade,VALORANT,English
178,ROSHTEIN,Slots,English
179,Rakin,New World,Portuguese
180,Ramee,Grand Theft Auto V,English
181,RanbooLive,Minecraft,English
182,Ranger,Fortnite,English
183,RatedEpicz,Grand Theft Auto V,English
184,RebeuDeter,League of Legends,French
185,Reborn_Live,Just Chatting,Spanish
186,Reetlol,Fortnite,English
187,Reverse2k,Fortnite,English
188,RobertoCein,Just Chatting,Spanish
189,Robleis,Just Chatting,Spanish
190,RocketLeague,Rocket League,English
191,Rubius,Just Chatting,Spanish
192,SLAKUN10,Just Chatting,Spanish
193,Sapnap,Minecraft,English
194,Sardoche,Chess,French
195,Scarra,Teamfight Tactics,English
196,ScreaM,VALORANT,English
197,ShahZaM,VALORANT,English
198,Shiphtur,VALORANT,English
199,ShivFPS,Apex Legends,English
200,SkyrrozTV,Call of Duty: Warzone,French
201,Slimecicle,Minecraft,English
202,Smajor,Minecraft,English
203,SmallAnt,Minecraft,English
204,Smzinho,Call of Duty: Warzone,Portuguese
205,Snifferish,Minecraft,English
206,Snip3down,Apex Legends,English
207,Solary,League of Legends,French
208,SolaryFortnite,Fortnite,French
209,Sommerset,Fortnite,English
210,SoyPan,Just Chatting,Spanish
211,Squeezie,Just Chatting,French
212,StableRonaldo,Slots,English
213,Staryuuki,Just Chatting,Spanish
214,StreamerHouse,FINAL FANTASY XIV Online,English
215,Subroza,VALORANT,English
216,SuperHenryTran,Just Chatting,French
217,Swagg,Call of Duty: Warzone,English
218,Sweet_Anita,Just Chatting,English
219,Sykkuno,Grand Theft Auto V,English
220,Symfuhny,Call of Duty: Warzone,English
221,SypherPK,Fortnite,English
222,TPAIN,Music,English
223,TSM_Bjergsen,League of Legends,English
224,TSM_ImperialHal,Apex Legends,English
225,TaySon,Fortnite,English
226,Technoblade,other,English
227,Tectone,Genshin Impact,English
228,TenZ,VALORANT,English
229,Terracid,Minecraft,French
230,Tfue,Minecraft,English
231,TheGrefg,Fortnite,Spanish
232,TheKAIRI78,Fortnite,French
233,ThisIsNotGeorgeNotFound,Minecraft,English
234,TimTheTatman,Call of Duty: Warzone,English
235,TinaKitten,Among Us,English
236,TobiasFate,League of Legends,English
237,Tocata,Fortnite,Spanish
238,Trainwreckstv,Slots,English
239,TrumpSC,Hearthstone,English
240,Tubbo,Minecraft,English
241,TubboLIVE,Minecraft,English
242,Tuli_acosta,Call of Duty: Mobile,Spanish
243,TwitchRivals,Call of Duty: Warzone,English
244,VALORANT,VALORANT,English
245,VEGETTA777,other,Spanish
246,Vicens,Fortnite,Spanish
247,VioletaG,Minecraft,Spanish
248,WARDELL,valorant,English
249,WankilStudio,Valheim,French
250,WilburSoot,Minecraft,English
251,Willyrex,other,Spanish
252,XEWER,Fortnite,French
253,Yassuo,League of Legends,English
254,YoDa,League of Legends,Portuguese
255,Zeling,League of Legends,Spanish
256,ZeratoR,New World,French
257,a60426042,League of Legends,Korean
258,aXoZer,Minecraft,Spanish
259,aba4647,League of Legends,Korean
260,academy,League of Legends,English
261,aceu,Apex Legends,English
262,actingliketommy,Fortnite,English
263,adolfz,FIFA 21,Portuguese
264,aduck09,Just Chatting,Korean
265,agueppo,Just Chatting,Korean
266,ailee_official,PLAYERUNKNOWN'S BATTLEGROUNDS,Korean
267,aimsey,Minecraft,English
268,ajehr,Talk Shows & Podcasts,Korean
269,akakzldzhd,Just Chatting,Korean
270,akvl1229,Just Chatting,Korean
271,alanzoka,Just Chatting,Portuguese
272,albralelie,Apex Legends,English
273,alelu,Apex Legends,Japanese
274,alfrea,League of Legends,Japanese
275,alstlr0215,League of Legends,Korean
276,aminematue,Grand Theft Auto V,French
277,amouranth,ASMR,English
278,ao_o5,Just Chatting,Korean
279,aparkha,Apex Legends,Korean
280,apexerpinky,Apex Legends,Japanese
281,apryze,Apex Legends,English
282,aram4519,League of Legends,Korean
283,aroyitt,Just Chatting,Spanish
284,ars4321,LOST ARK,Korean
285,ashleykang,League of Legends,English
286,astellkr,VALORANT,Japanese
287,asunaweeb,VALORANT,English
288,auronplay,Just Chatting,Spanish
289,awesamdude,Minecraft,English
290,aydan,Call of Duty: Warzone,English
291,baalzebb,League of Legends,Korean
292,bakzera,Garena Free Fire,Portuguese
293,bang,Teamfight Tactics,Korean
294,bbonge_,Just Chatting,Korean
295,bbonyoss,Teamfight Tactics,Korean
296,bbyongluv,VALORANT,Korean
297,bebe872,Teamfight Tactics,English
298,benjyfishy,Fortnite,English
299,berry0314,Just Chatting,Korean
300,beryl0202,LOST ARK,Korean
301,beyou0728,League of Legends,Korean
302,bgirl_0,Just Chatting,Korean
303,bighead033,Escape From Tarkov,Korean
304,biyin_,Minecraft,Spanish
305,bjshaco,League of Legends,Korean
306,blinkx_,Just Chatting,English
307,bokugaimodesuyo,Apex Legends,Japanese
308,borinyam,Teamfight Tactics,Korean
309,botezlive,Just Chatting,English
310,box930205,Just Chatting,Korean
311,boxbox,Teamfight Tactics,English
312,brtt,League of Legends,Portuguese
313,buckefps,Fortnite,English
314,buddha,Grand Theft Auto V,English
315,byeongbyeongbyeong,Just Chatting,Korean
316,cabochardlol,League of Legends,French
317,caedrel,League of Legends,English
318,calango,Just Chatting,Portuguese
319,canna,League of Legends,Korean
320,casimito,Just Chatting,Portuguese
321,cerross,League of Legends,Japanese
322,ch960116,Art,Korean
323,chaeriri,Tom Clancy's Rainbow Six Siege,Korean
324,cheezestick58,League of Legends,Korean
325,cherrypach,Just Chatting,Korean
326,chimin941214,League of Legends,Korean
327,chodan_,Just Chatting,Korean
328,chy0715,Just Chatting,
329,cidcidoso,Just Chatting,Portuguese
330,cloakzy,Call of Duty: Warzone,English
331,clozer_t1,League of Legends,
332,clutch_fii,VALORANT,Japanese
333,collet11,Just Chatting,Korean
334,coscu,League of Legends,Spanish
335,cpt_sama,other,Korean
336,cr_rion,VALORANT,Japanese
337,crylixblooom,Apex Legends,English
338,cyr,Grand Theft Auto V,English
339,d_obby,League of Legends,Korean
340,daiantsuda514,Apex Legends,Japanese
341,dakchyo,LOST ARK,
342,daltoosh,Apex Legends,English
343,darumaisgod,VALORANT,Japanese
344,dasoku_aniki,Apex Legends,
345,dda_ju,LOST ARK,
346,ddahyoni,League of Legends,
347,ddony1,Eternal Return,
348,deercheerup,Just Chatting,Portuguese
349,dep_ow,VALORANT,
350,detectiveconan_,Teamfight Tactics,
351,detonator_robin,Escape From Tarkov,
352,dfm_evi_lol,League of Legends,
353,diegosaurs,Apex Legends,
354,dkdlel801,Just Chatting,
355,dkwl025,Just Chatting,
356,dltjdwls5507,League of Legends,
357,dmf_kyochan,Apex Legends,
358,dmglgl78,League of Legends,
359,dogdog,Hearthstone,English
360,doigby,Minecraft,French
361,dopa24,League of Legends,Korean
362,doublelift,League of Legends,English
363,dreamingyume,Just Chatting,Korean
364,dreamwastaken,Minecraft,English
365,drlee_kor,World of Warcraft,Korean
366,dropped,Apex Legends,English
367,drututt,League of Legends,English
368,dtn_mukai,Apex Legends,Japanese
369,dua3362,LOST ARK,Korean
370,dunizuni,Teamfight Tactics,Korean
371,dunkstream,Guilty Gear: Strive,English
372,dzukill,League of Legends,English
373,e_saem,Just Chatting,Korean
374,edward2065,The Escapists,Korean
375,effort,other,Korean
376,elded,Call of Duty: Warzone,Spanish
377,emiru,League of Legends,English
378,erenjjing,Just Chatting,Korean
379,esstree,Minecraft,Korean
380,euriece,Apex Legends,English
381,faide,Apex Legends,English
382,faker,League of Legends,Korean
383,fantabobshow,Pathfinder: Kingmaker,French
384,fer,Counter-Strike: Global Offensive,Portuguese
385,fgcounter,Just Chatting,Korean
386,flamekr,League of Legends,Korean
387,flowergam0326,Music,Korean
388,flowervin,Just Chatting,Korean
389,flurry1989,Hearthstone,Korean
390,fnxLNTC,Counter-Strike: Global Offensive,Portuguese
391,forever,Minecraft,Portuguese
392,forsen,Minecraft,English
393,fps_shaka,Escape From Tarkov,Japanese
394,fr_zod,Apex Legends,French
395,frozen2065,League of Legends,Korean
396,fuslie,VALORANT,English
397,gafallen,Counter-Strike: Global Offensive,Portuguese
398,gemaxgema,other,Japanese
399,genburten,Apex Legends,
400,gent,Apex Legends,
401,ggumong,Just Chatting,
402,gjtn9664,League of Legends,
403,gongparipa,Just Chatting,Korean
404,gosegugosegu,Just Chatting,
405,gotaga,Call of Duty: Warzone,
406,gratis150ml,League of Legends,Portuguese
407,guilty1223,Apex Legends,
408,gumayusi,League of Legends,Korean
409,gutitubo,Minecraft,
410,h0270,PLAYERUNKNOWN'S BATTLEGROUNDS,
411,h3h3productions,Just Chatting,English
412,h920103,LOST ARK,
413,hair_yeonhwa,LOST ARK,
414,handongsuk,LOST ARK,
415,hanjoudesu,Apex Legends,
416,hannahxxrose,Minecraft,English
417,hanryang1125,Escape From Tarkov,
418,hanssama,League of Legends,
419,he0901,League of Legends,
420,heavenly_narin,Teamfight Tactics,
421,hejin0_0,League of Legends,Korean
422,heyst1000,League of Legends,Korean
423,hiswattson,Apex Legends,English
424,hm716,League of Legends,Korean
425,holonsc2,Among Us,Japanese
426,hongja1027,Just Chatting,Korean
427,hptgrm,Minecraft,Korean
428,hwkang2,LOST ARK,Korean
429,hyeondini,League of Legends,Korean
430,iam_xq,VALORANT,Japanese
431,ibai,Just Chatting,Spanish
432,iiTzTimmy,Apex Legends,English
433,iitztimmy,Apex Legends,English
434,ikeepittaco,League of Legends,
435,im_slpx,Apex Legends,
436,inecr7024,League of Legends,Korean
437,inoxtag,Special Events,
438,insec13,League of Legends,
439,iq200yukaf,Apex Legends,
440,ironmouse,Just Chatting,English
441,itsHafu,VALORANT,English
442,itsRyanHiga,Just Chatting,English
443,itsmejanna,Just Chatting,
444,j1nu6734,other,
445,jacksepticeye,Rust,English
446,jaewon4915,Just Chatting,
447,jankos,League of Legends,
448,jasper7se,VALORANT,Japanese
449,jcw970,League of Legends,
450,jdm2088,Minecraft,
451,jean_mago,League of Legends,Portuguese
452,jingburger,Just Chatting,
453,jinjalim,Just Chatting,
454,jinu6734,Just Chatting,
455,jiudau,LOST ARK,
456,jlamaru,Just Chatting,
457,jltomy,Grand Theft Auto V,
458,johnny3047258,LOST ARK,
459,johnwolfe,Dead by Daylight,
460,jovirone,League of Legends,Portuguese
461,jschlatt,other,English
462,ju10506,Just Chatting,
463,juansguarnizo,Just Chatting,Spanish
464,jukes,League of Legends,Portuguese
465,julien,Dead by Daylight,English
466,jungryeok,Just Chatting,Korean
467,junior27015,VALORANT,Japanese
468,junsst,Teamfight Tactics,
469,k1ng,Fortnite,Spanish
470,k3soju,Teamfight Tactics,
471,k4sen,Apex Legends,Japanese
472,kaito_hoso,Just Chatting,
473,kanae_2434,VALORANT,
474,kanetv8,Just Chatting,
475,karasmai,League of Legends,
476,karchez,Grand Theft Auto V,Spanish
477,karljacobs,Minecraft,English
478,karlnetwork,Gang Beasts,English
479,kato1126,LOST ARK,
480,kato_junichi0817,Apex Legends,
481,kawashima_of_legend,League of Legends,
482,keanelol,Teamfight Tactics,
483,kennyS,Counter-Strike: Global Offensive,English
484,killin9hit,Apex Legends,
485,kimchi5863,other,
486,kimddolbok,LOST ARK,
487,kimdduddi,League of Legends,Korean
488,kimdoe,League of Legends,Korean
489,kimgapju,League of Legends,Korean
490,kimnamsoon,League of Legends,Korean
491,kkoma,League of Legends,Korean
492,komanche,Just Chatting,Spanish
493,korpick2,Teamfight Tactics,Korean
494,kranichhs,Hearthstone,Korean
495,krbobae,Teamfight Tactics,Korean
496,kuiki771,Just Chatting,Korean
497,kumikomii,Just Chatting,Korean
498,laurebv,Just Chatting,French
499,lazmall,League of Legends,Japanese
500,lazvell,VALORANT,Japanese
501,lck,League of Legends,English
502,lck_korea,League of Legends,Korean
503,lcs,League of Legends,English
504,lec,League of Legends,English
505,lec_wooloo,League of Legends,
506,leechunhyang,Just Chatting,Korean
507,lestream,Just Chatting,French
508,lilpaaaaaa,Just Chatting,Korean
509,lilypichu,VALORANT,English
510,liminhag0d,Counter-Strike: Global Offensive,Portuguese
511,liok0485,League of Legends,Korean
512,lita282,Just Chatting,
513,littlebigwhale,Just Chatting,
514,ljh0328,Teamfight Tactics,
515,lllllamar,LOST ARK,Korean
516,lol_ambition,League of Legends,Korean
517,lol_cuvee,League of Legends,Korean
518,lol_khan,League of Legends,Korean
519,lol_nemesis,League of Legends,
520,lol_peanut,League of Legends,
521,lol_woolf,League of Legends,
522,loltyler1,League of Legends,English
523,looksam,LOST ARK,
524,lotear0709,Just Chatting,
525,loud_babi,Garena Free Fire,Portuguese
526,loud_bradoock,Garena Free Fire,Portuguese
527,loud_coringa,Grand Theft Auto V,Portuguese
528,loud_crusher,Garena Free Fire,Portuguese
529,loud_mob,Garena Free Fire,Portuguese
530,loud_thaiga,Just Chatting,Portuguese
531,loud_thurzin,Garena Free Fire,Portuguese
532,loud_voltan,Garena Free Fire,Portuguese
533,lovelyyeon,Just Chatting,
534,lpl,League of Legends,
535,lubatv,Just Chatting,Portuguese
536,ludwig,Just Chatting,English
537,lululuvely,Apex Legends,
538,lyj0729,Dungeon Fighter Online,
539,ma_mwa,Just Chatting,
540,magenta62,Just Chatting,
541,makiba7,VALORANT,
542,makiymagi,Just Chatting,Korean
543,mamabenjyfishy1,Fortnite,English
544,mande,Apex Legends,
545,maoruya,Just Chatting,
546,marexlol,League of Legends,
547,meiy_vl,VALORANT,
548,melina,Just Chatting,English
549,meongsoon,Teamfight Tactics,
550,meowko,Just Chatting,
551,michaelreeves,Minecraft,English
552,michou_twitch,Minecraft,French
553,midbeast,League of Legends,
554,midong1030,Just Chatting,
555,mister903,Art,
556,mistermv,The Binding of Isaac: Afterbirth,French
557,miya728,LOST ARK,Korean
558,mizkif,Just Chatting,
559,mlchoins,MapleStory,
560,mmafu_,Apex Legends,
561,mmange2,Just Chatting,
562,moistcr1tikal,Just Chatting,English
563,mokouliszt1,Apex Legends,
564,mondo23,other,
565,mother3rd,VALORANT,
566,mount,Grand Theft Auto V,Portuguese
567,mrstiventc,Garena Free Fire,Spanish
568,msmsms213,Just Chatting,
569,myth,VALORANT,
570,nafengg,Apex Legends,
571,nagisatty,League of Legends,
572,nanajam777,Just Chatting,
573,nanayango3o,Just Chatting,Korean
574,nangodof,Just Chatting,Korean
575,naruserin309,Eternal Return: Black Survival,
576,natalan,Just Chatting,Spanish
577,nats,VALORANT,English
578,necklet880707,League of Legends,
579,neymarjr,Fortnite,Portuguese
580,nicewigg,Apex Legends,
581,nickmercs,Call of Duty: Warzone,
582,nimbleneuron,Eternal Return: Black Survival,
583,ninja,League of Legends,
584,nisqyy,League of Legends,
585,nl_Kripp,Hearthstone,English
586,nlmiso95,Just Chatting,
587,nnabi,Just Chatting,
588,nniru,Apex Legends,
589,noahreyli,Fortnite,German
590,nodolly,LOST ARK,
591,noelmiller,Just Chatting,English
592,noizemasta,Hearthstone,Korean
593,nokduro,Spelunky 2,
594,nokokopuffs,Apex Legends,
595,nrg_daequan,other,English
596,nrg_hamlinz,Just Chatting,
597,nubulswamp,Just Chatting,
598,nuclear220,League of Legends,
599,nyanners,Just Chatting,English
600,obly99,Apex Legends,
601,obm1025,Just Chatting,
602,ok_ja,Just Chatting,
603,omgvodka,Apex Legends,
604,oni_is_soto_,Eternal Return: Black Survival,Japanese
605,oniyadayo,Apex Legends,
606,ooenotakayuki,Apex Legends,
607,ops1x,Fortnite,English
608,osamintinus3sei,Apex Legends,
609,otplol_,League of Legends,
610,otzdarva,Dead by Daylight,
611,ow_pepper,VALORANT,
612,pacific8815,Just Chatting,
613,paka9999,League of Legends,
614,parkjand,Just Chatting,
615,paulanobre,VALORANT,Portuguese
616,penyo_,Just Chatting,
617,peterparkTV,Just Chatting,English
618,pgod,Fortnite,Spanish
619,pianocatvr,VRChat,
620,pijack11,League of Legends,Portuguese
621,pikra10,League of Legends,
622,pimpimenta,League of Legends,Portuguese
623,pjs9073,LOST ARK,Korean
624,playapex,Apex Legends,English
625,pokimane,VALORANT,English
626,ponce,Just Chatting,French
627,popo,Just Chatting,Polish
628,portialyn,Hearthstone,Korean
629,projektmelody,Just Chatting,English
630,pyosixs,League of Legends,Korean
631,pzzzang3,League of Legends,
632,qcnb123,League of Legends,
633,qq102qq,League of Legends,
634,quanhaha79,League of Legends,
635,qufl0,League of Legends,
636,raderaderader,Apex Legends,
637,radersub,other,
638,radiyu,Just Chatting,
639,rainblue37,PLAYERUNKNOWN'S BATTLEGROUNDS,
640,ranboobutnot,Minecraft,English
641,ranboolive,Minecraft,
642,ras_sama,other,
643,rather777,Just Chatting,
644,ratirl,League of Legends,English
645,rebeudeter,League of Legends,
646,reitathefps,VALORANT,
647,rekkles,League of Legends,
648,restiafps,Apex Legends,
649,rhffkddl96,League of Legends,Korean
650,ricadam_lol,League of Legends,French
651,ringkyu1123,League of Legends,
652,riotgames,League of Legends,
653,riotgames_korea,League of Legends: Wild Rift,
654,riotgamesjp,League of Legends,
655,riotgameslatam,Arcane,
656,riotgamesru,League of Legends,
657,rjsqn1109,League of Legends,
658,rkdthdus930,League of Legends,Korean
659,rkdwl12,Just Chatting,Korean
660,rlawnsvy7,Just Chatting,Korean
661,rlgus1006,League of Legends,Korean
662,rngudwnswkd,League of Legends,Korean
663,rocketbaguette,Rocket League,French
664,rockggun,Minecraft,Korean
665,rogue,Apex Legends,English
666,roki_ch,Apex Legends,Japanese
667,ronaronakr,Just Chatting,Korean
668,rooftopcat99,Just Chatting,Korean
669,rprx,Apex Legends,English
670,rtainjapan,Fushigi no Dungeon: Furai no Shiren Gaiden - Onna Kenshi Asuka Kenzan!,Japanese
671,rua_jp,VALORANT,Japanese
672,rulrudino,Just Chatting,Korean
673,runner0608,Just Chatting,
674,rybsonlol_,League of Legends,Polish
675,s1032204,Just Chatting,Korean
676,s1mple,Counter-Strike: Global Offensive,English
677,saddummy,Just Chatting,Korean
678,sah_yang,Apex Legends,Korean
679,saken_lol,League of Legends,French
680,sal_gu,Dead by Daylight,Korean
681,samueletienne,Just Chatting,French
682,sapnapalt,VALORANT,English
683,sasatikk,Escape From Tarkov,
684,scarlet6942,League of Legends,
685,scoped,Fortnite,English
686,score1992,League of Legends,
687,selly55,Apex Legends,
688,seoldam99,VALORANT,
689,ses836,League of Legends,
690,shahzam,VALORANT,
691,shibuyahal,Apex Legends,
692,shivfps,Apex Legends,
693,shomaru7,Apex Legends,
694,shroud,VALORANT,English
695,silphtv,League of Legends,
696,silversigle,LOST ARK,
697,sinatraa,VALORANT,English
698,skeppy,other,English
699,skmgsysy,Eternal Return,Japanese
700,sktt1fan_,League of Legends,
701,slamzinseok,Just Chatting,
702,sleepground,Minecraft,
703,slemf4062,League of Legends,
704,smthlikeyou11,VALORANT,
705,sn400ja,Teamfight Tactics,
706,sneakylol,League of Legends,English
707,snip3down,Apex Legends,
708,snow_hite,Just Chatting,
709,so_urf,League of Legends,
710,sodapoppin,World of Warcraft,English
711,solary,League of Legends,
712,som0322,Just Chatting,
713,sonycast_,Just Chatting,
714,sooflower,Just Chatting,
715,sorammmm,League of Legends,Korean
716,sorimcaster,LOST ARK,Korean
717,spygea,Apex Legends,
718,stansmith_jp,VALORANT,
719,steel_tv,VALORANT,English
720,steelohs,Just Chatting,
721,stormen,Apex Legends,
722,stylishnoob4,Apex Legends,
723,su_ning,Just Chatting,
724,sugarz3ro,VALORANT,
725,suhyen0107,Just Chatting,
726,sujagg,Fortnite,Spanish
727,summit1g,Grand Theft Auto V,English
728,sunbaking,Just Chatting,Korean
729,surugamonkey0113,VALORANT,Japanese
730,sutanmi,League of Legends,Japanese
731,suxkingiscoming,Escape From Tarkov,Korean
732,swab85,Food & Drink,Korean
733,sweetdreams,Apex Legends,English
734,swon5274,Just Chatting,Korean
735,syaruru3,League of Legends,Japanese
736,sykkuno,Grand Theft Auto V,English
737,sz_taisheen,Apex Legends,
738,t1_cuzz,League of Legends,
739,t1_ellim,League of Legends,
740,t1_keria,League of Legends,
741,t1_oner,League of Legends,
742,t1_roach,League of Legends,
743,t1_teddy,League of Legends,Korean
744,t1esports,League of Legends,
745,t1moment,League of Legends,
746,t1zeus_,League of Legends,
747,ta1yo_tv,Overwatch,
748,takayaspecial,League of Legends,
749,tanukininja,League of Legends,
750,targamas1,League of Legends,
751,tarik,VALORANT,English
752,taxi2g,Apex Legends,
753,tempplex_,Apex Legends,English
754,tenz,VALORANT,
755,tfblade,League of Legends,
756,tfue,Apex Legends,
757,thdwodnr97,Just Chatting,
758,thebausffs,League of Legends,
759,timthetatman,Call of Duty: Warzone,
760,tioorochitwitch,Just Chatting,Portuguese
761,tmxk319,League of Legends,
762,tobiasfate,League of Legends,
763,tommyinnit,Minecraft,English
764,tommyinnitalt,Minecraft,English
765,torona1,Just Chatting,
766,toto02033,Apex Legends,Japanese
767,trainwreckstv,Slots,
768,traytonlol,League of Legends,
769,tsm_imperialhal,Apex Legends,
770,tsm_reps,Apex Legends,
771,tst1023,League of Legends,
772,tttcheekyttt,Apex Legends,
773,twitchpresentskr,Art,
774,untara,League of Legends,
775,uzuhama,Just Chatting,Korean
776,valorant,VALORANT,English
777,valorant_jpn,VALORANT,Japanese
778,veibae,Just Chatting,English
779,vetheo,League of Legends,
780,viichan6,Just Chatting,
781,vinnie,VALORANT,English
782,vo_ine,Just Chatting,
783,volibear_oyo,Just Chatting,
784,wahahaha830,League of Legends,
785,waolol1,League of Legends,
786,wildriftesports,League of Legends: Wild Rift,
787,wkddydwns0318,League of Legends,Korean
788,wkgml,Just Chatting,
789,wns1727,Just Chatting,
790,wnsldj0610,League of Legends,
791,woohankyung,Just Chatting,
792,woowakgood,Just Chatting,
793,wrq241,Eternal Return: Black Survival,
794,wyskah123,Just Chatting,
795,x2Twins,Fortnite,English
796,xChocoBars,VALORANT,English
797,xCry,Just Chatting,Spanish
798,xQcOW,Grand Theft Auto V,English
799,xXxTheFocuSxXx,Grand Theft Auto V,Spanish
800,xayoo_,League of Legends,
801,xkwhd,League of Legends,
802,xordn123456,League of Legends,
803,xqcow,Grand Theft Auto V,
804,yagubu,Just Chatting,
805,yamatonjp,PUBG Mobile,
806,yapyap30,LOST ARK,
807,yasmanrox,League of Legends,Korean
808,yd0821,Minecraft,
809,yeTz,World of Warcraft,Portuguese
810,yeunda,PLAYERUNKNOWN'S BATTLEGROUNDS,
811,yoshinama222,Apex Legends,
812,yourragegaming,Just Chatting,English
813,yufuna,Apex Legends,
814,yukiofps14,Apex Legends,
815,yumyumyu77,Just Chatting,
816,yunzinseok,Just Chatting,
817,yutapongo,League of Legends,
818,yvonnie,VALORANT,English
819,zackrawrr,World of Warcraft,English
820,zainita,Just Chatting,Spanish
821,zed99_lol,League of Legends,
822,zepher,VALORANT,
823,zevent,Special Events,
824,ziGueira,Call of Duty: Warzone,Portuguese
825,zilioner,Just Chatting,Korean
826,zledisd,Hearthstone,Korean
827,zoodasa,Just Chatting,Korean
828,zz5152zz,League of Legends,Korean
829,zzamtiger0310,Just Chatting,Korean
