Source,Target,Weight
pokimane,AdinRoss,6
pokimane,Corpse_Husband,8
pokimane,DanTDM,6
pokimane,GeorgeNotFound,8
pokimane,Kyedae,8
pokimane,NickEh30,6
pokimane,Nihachu,6
pokimane,QuarterJade,6
pokimane,RanbooLive,8
pokimane,ShahZaM,12
pokimane,Sykkuno,24
pokimane,TenZ,16
pokimane,VALORANT,8
pokimane,dreamwastaken,15
pokimane,ludwig,16
pokimane,shroud,17
pokimane,tommyinnit,22
pokimane,xQcOW,12
Corpse_Husband,BadBoyHalo,9
Corpse_Husband,Eret,4
Corpse_Husband,Fundy,6
Corpse_Husband,GeorgeNotFound,22
Corpse_Husband,JackManifoldTV,8
Corpse_Husband,Markiplier,6
Corpse_Husband,Natsumiii,3
Corpse_Husband,Nihachu,12
Corpse_Husband,PhilzALT,3
Corpse_Husband,Philza,11
Corpse_Husband,Purpled,5
Corpse_Husband,Quackity,19
Corpse_Husband,QuackityToo,17
Corpse_Husband,QuarterJade,4
Corpse_Husband,RanbooLive,24
Corpse_Husband,Sapnap,17
Corpse_Husband,Slimecicle,7
Corpse_Husband,Sykkuno,26
Corpse_Husband,ThisIsNotGeorgeNotFound,7
Corpse_Husband,TinaKitten,4
Corpse_Husband,Tubbo,17
Corpse_Husband,TubboLIVE,9
Corpse_Husband,WilburSoot,15
Corpse_Husband,awesamdude,6
Corpse_Husband,dreamwastaken,27
Corpse_Husband,fuslie,3
Corpse_Husband,hannahxxrose,3
Corpse_Husband,ironmouse,4
Corpse_Husband,jschlatt,5
Corpse_Husband,karljacobs,11
Corpse_Husband,karlnetwork,5
Corpse_Husband,lilypichu,3
Corpse_Husband,ludwig,5
Corpse_Husband,pokimane,14
Corpse_Husband,purpled_alt,3
Corpse_Husband,ranbooalt,4
Corpse_Husband,ranboobutnot,9
Corpse_Husband,sapnapalt,3
Corpse_Husband,skeppy,7
Corpse_Husband,tommyinnit,19
Corpse_Husband,vinnie,3
BadBoyHalo,Antfrost,18
BadBoyHalo,CaptainPuffy,45
BadBoyHalo,ConnorEatsPants,3
BadBoyHalo,Corpse_Husband,15
BadBoyHalo,DropsByPonk,21
BadBoyHalo,Eret,28
BadBoyHalo,Foolish_Gamers,32
BadBoyHalo,Fundy,65
BadBoyHalo,GeorgeNotFound,151
BadBoyHalo,JackManifoldTV,59
BadBoyHalo,JustaMinx,20
BadBoyHalo,Nihachu,84
BadBoyHalo,Philza,77
BadBoyHalo,Punz,36
BadBoyHalo,Purpled,28
BadBoyHalo,Quackity,105
BadBoyHalo,QuackityToo,65
BadBoyHalo,RanbooLive,123
BadBoyHalo,Sapnap,114
BadBoyHalo,Slimecicle,36
BadBoyHalo,Sykkuno,12
BadBoyHalo,Technoblade,49
BadBoyHalo,ThisIsNotGeorgeNotFound,58
BadBoyHalo,Tubbo,123
BadBoyHalo,TubboLIVE,61
BadBoyHalo,WilburSoot,119
BadBoyHalo,awesamdude,28
BadBoyHalo,dreamwastaken,161
BadBoyHalo,hannahxxrose,40
BadBoyHalo,jschlatt,21
BadBoyHalo,karljacobs,103
BadBoyHalo,karlnetwork,35
BadBoyHalo,ranboobutnot,30
BadBoyHalo,sapnapalt,39
BadBoyHalo,skeppy,90
BadBoyHalo,techneoblade,25
BadBoyHalo,tommyinnit,141
BadBoyHalo,tommyinnitalt,46
Eret,Antfrost,12
Eret,BadBoyHalo,16
Eret,Badlinu,3
Eret,CaptainPuffy,24
Eret,CaptainSparklez,3
Eret,ConnorEatsPants,6
Eret,Corpse_Husband,3
Eret,DropsByPonk,9
Eret,Foolish_Gamers,15
Eret,Fundy,15
Eret,GeorgeNotFound,18
Eret,HBomb94,5
Eret,JackManifoldTV,19
Eret,JustaMinx,10
Eret,Michaelmcchill,3
Eret,Nihachu,19
Eret,Philza,22
Eret,Punz,13
Eret,Purpled,12
Eret,Quackity,17
Eret,QuackityToo,15
Eret,RanbooLive,20
Eret,Sapnap,14
Eret,Slimecicle,17
Eret,Sneegsnag,4
Eret,Sykkuno,4
Eret,Technoblade,10
Eret,ThisIsNotGeorgeNotFound,7
Eret,Tubbo,17
Eret,TubboLIVE,13
Eret,WilburSoot,23
Eret,awesamdude,11
Eret,beautie_,5
Eret,dreamwastaken,16
Eret,hannahxxrose,6
Eret,jschlatt,12
Eret,karljacobs,14
Eret,karlnetwork,8
Eret,neimki,5
Eret,piso4,3
Eret,pokimane,4
Eret,ranboobutnot,7
Eret,sapnapalt,7
Eret,skeppy,15
Eret,techneoblade,4
Eret,tommyinnit,18
Eret,tommyinnitalt,6
Fundy,Antfrost,29
Fundy,BadBoyHalo,79
Fundy,CaptainPuffy,48
Fundy,CaptainSparklez,7
Fundy,ConnorEatsPants,3
Fundy,Corpse_Husband,14
Fundy,DropsByPonk,23
Fundy,Eret,40
Fundy,Foolish_Gamers,47
Fundy,GeorgeNotFound,106
Fundy,HBomb94,10
Fundy,JackManifoldTV,75
Fundy,JustaMinx,33
Fundy,Nihachu,88
Fundy,PhilzALT,12
Fundy,Philza,97
Fundy,Punz,42
Fundy,Purpled,47
Fundy,Quackity,83
Fundy,QuackityToo,51
Fundy,RanbooLive,106
Fundy,Sapnap,82
Fundy,Slimecicle,50
Fundy,Technoblade,43
Fundy,ThisIsNotGeorgeNotFound,39
Fundy,Tubbo,109
Fundy,TubboLIVE,50
Fundy,WilburSoot,110
Fundy,aimsey,6
Fundy,awesamdude,37
Fundy,dreamwastaken,103
Fundy,hannahxxrose,29
Fundy,jschlatt,35
Fundy,karljacobs,81
Fundy,karlnetwork,30
Fundy,neimki,11
Fundy,ranboobutnot,24
Fundy,sapnapalt,23
Fundy,skeppy,50
Fundy,techneoblade,22
Fundy,tommyinnit,110
Fundy,tommyinnitalt,45
GeorgeNotFound,BadBoyHalo,47
GeorgeNotFound,CaptainPuffy,16
GeorgeNotFound,Fundy,26
GeorgeNotFound,JackManifoldTV,29
GeorgeNotFound,JustaMinx,5
GeorgeNotFound,Nihachu,52
GeorgeNotFound,Philza,41
GeorgeNotFound,Punz,20
GeorgeNotFound,Quackity,78
GeorgeNotFound,QuackityToo,51
GeorgeNotFound,RanbooLive,103
GeorgeNotFound,Sapnap,85
GeorgeNotFound,Technoblade,17
GeorgeNotFound,ThisIsNotGeorgeNotFound,63
GeorgeNotFound,Tubbo,109
GeorgeNotFound,TubboLIVE,41
GeorgeNotFound,WilburSoot,83
GeorgeNotFound,dreamwastaken,180
GeorgeNotFound,hannahxxrose,24
GeorgeNotFound,karljacobs,82
GeorgeNotFound,karljacobs_alt,6
GeorgeNotFound,karlnetwork,40
GeorgeNotFound,neimki,8
GeorgeNotFound,ranboobutnot,31
GeorgeNotFound,sapnapalt,32
GeorgeNotFound,tommyinnit,142
GeorgeNotFound,tommyinnitalt,52
GeorgeNotFound,vGumiho,3
Nihachu,Antfrost,10
Nihachu,BadBoyHalo,45
Nihachu,CaptainPuffy,34
Nihachu,Corpse_Husband,12
Nihachu,DreamAlt_,14
Nihachu,DropsByPonk,6
Nihachu,Eret,11
Nihachu,Foolish_Gamers,18
Nihachu,Fundy,32
Nihachu,GeorgeNotFound,108
Nihachu,JackManifoldTV,54
Nihachu,JustaMinx,24
Nihachu,Philza,69
Nihachu,Punz,25
Nihachu,Purpled,10
Nihachu,Quackity,83
Nihachu,QuackityToo,52
Nihachu,RanbooLive,106
Nihachu,Sapnap,76
Nihachu,Slimecicle,27
Nihachu,Technoblade,28
Nihachu,ThisIsNotGeorgeNotFound,30
Nihachu,Tubbo,116
Nihachu,TubboLIVE,56
Nihachu,WilburSoot,113
Nihachu,awesamdude,12
Nihachu,dreamwastaken,110
Nihachu,hannahxxrose,16
Nihachu,jschlatt,20
Nihachu,karljacobs,88
Nihachu,karlnetwork,44
Nihachu,neimki,31
Nihachu,ranboobutnot,30
Nihachu,sapnapalt,35
Nihachu,skeppy,26
Nihachu,techneoblade,7
Nihachu,tommyinnit,131
Nihachu,tommyinnitalt,53
Philza,BadBoyHalo,54
Philza,CaptainPuffy,27
Philza,Corpse_Husband,13
Philza,Eret,18
Philza,Foolish_Gamers,29
Philza,Fundy,41
Philza,GeorgeNotFound,87
Philza,JackManifoldTV,49
Philza,JustaMinx,15
Philza,Nihachu,69
Philza,PhilzALT,40
Philza,Punz,24
Philza,Purpled,15
Philza,Quackity,65
Philza,QuackityToo,36
Philza,RanbooLive,119
Philza,Sapnap,62
Philza,Slimecicle,44
Philza,Technoblade,35
Philza,ThisIsNotGeorgeNotFound,33
Philza,Tubbo,125
Philza,TubboLIVE,58
Philza,WilburSoot,128
Philza,awesamdude,13
Philza,dreamwastaken,104
Philza,jacksepticeye,3
Philza,jschlatt,12
Philza,karljacobs,59
Philza,karlnetwork,24
Philza,ranbooalt,7
Philza,ranboobutnot,32
Philza,sapnapalt,25
Philza,skeppy,23
Philza,techneoblade,13
Philza,tommyinnit,137
Philza,tommyinnitalt,53
Purpled,Antfrost,12
Purpled,BadBoyHalo,14
Purpled,BoomerNA,5
Purpled,CaptainPuffy,16
Purpled,CaptainSparklez,4
Purpled,ConnorEatsPants,5
Purpled,Corpse_Husband,3
Purpled,DropsByPonk,6
Purpled,Eret,9
Purpled,Foolish_Gamers,13
Purpled,Fundy,15
Purpled,GeorgeNotFound,9
Purpled,HBomb94,5
Purpled,JackManifoldTV,21
Purpled,JustaMinx,7
Purpled,Michaelmcchill,4
Purpled,Nihachu,18
Purpled,PhilzALT,4
Purpled,Philza,12
Purpled,Punz,15
Purpled,Quackity,13
Purpled,QuackityToo,12
Purpled,RanbooLive,14
Purpled,Sapnap,13
Purpled,Slimecicle,14
Purpled,Sneegsnag,3
Purpled,Sykkuno,4
Purpled,Technoblade,3
Purpled,TinaKitten,3
Purpled,Tubbo,9
Purpled,TubboLIVE,8
Purpled,Wallibear,7
Purpled,WilburSoot,16
Purpled,awesamdude,9
Purpled,dreamwastaken,9
Purpled,hannahxxrose,18
Purpled,jschlatt,9
Purpled,karljacobs,11
Purpled,karlnetwork,5
Purpled,neimki,6
Purpled,purpled_alt,6
Purpled,sapnapalt,8
Purpled,skeppy,9
Purpled,techneoblade,3
Purpled,tommyinnit,11
Purpled,tommyinnitalt,4
Quackity,Alexby11,3
Quackity,AriGameplays,35
Quackity,BadBoyHalo,44
Quackity,CaptainPuffy,26
Quackity,ElMariana,34
Quackity,ElSpreen,19
Quackity,Fundy,21
Quackity,GeorgeNotFound,92
Quackity,JackManifoldTV,33
Quackity,JustaMinx,10
Quackity,Nihachu,43
Quackity,NimuVT,14
Quackity,Philza,35
Quackity,QuackityToo,118
Quackity,RanbooLive,77
Quackity,Rubius,21
Quackity,Sapnap,61
Quackity,Technoblade,14
Quackity,ThisIsNotGeorgeNotFound,36
Quackity,Tubbo,82
Quackity,TubboLIVE,41
Quackity,WilburSoot,72
Quackity,aXoZer,14
Quackity,auronplay,26
Quackity,dreamwastaken,97
Quackity,elded,3
Quackity,hannahxxrose,20
Quackity,ibai,10
Quackity,juansguarnizo,41
Quackity,karljacobs,74
Quackity,karljacobs_alt,4
Quackity,karlnetwork,32
Quackity,ranboobutnot,20
Quackity,sapnapalt,18
Quackity,skeppy,22
Quackity,techneoblade,6
Quackity,tommyinnit,107
Quackity,tommyinnitalt,42
Quackity,xCry,3
QuackityToo,AriGameplays,37
QuackityToo,BadBoyHalo,33
QuackityToo,BarcaGamer,17
QuackityToo,CaptainPuffy,11
QuackityToo,ElMariana,40
QuackityToo,ElSpreen,28
QuackityToo,Fundy,20
QuackityToo,GeorgeNotFound,66
QuackityToo,JackManifoldTV,24
QuackityToo,JustaMinx,5
QuackityToo,Nihachu,29
QuackityToo,NimuVT,15
QuackityToo,Philza,27
QuackityToo,Punz,12
QuackityToo,Quackity,136
QuackityToo,RanbooLive,47
QuackityToo,Rubius,32
QuackityToo,Sapnap,45
QuackityToo,Slimecicle,20
QuackityToo,Technoblade,6
QuackityToo,ThisIsNotGeorgeNotFound,39
QuackityToo,Tubbo,48
QuackityToo,TubboLIVE,36
QuackityToo,WilburSoot,42
QuackityToo,aXoZer,20
QuackityToo,auronplay,37
QuackityToo,awesamdude,6
QuackityToo,biyin_,13
QuackityToo,dreamwastaken,65
QuackityToo,elded,7
QuackityToo,hannahxxrose,8
QuackityToo,juansguarnizo,42
QuackityToo,karljacobs,53
QuackityToo,karljacobs_alt,4
QuackityToo,karlnetwork,32
QuackityToo,neimki,7
QuackityToo,ranboobutnot,14
QuackityToo,sapnapalt,19
QuackityToo,skeppy,12
QuackityToo,techneoblade,4
QuackityToo,tommyinnit,66
QuackityToo,tommyinnitalt,40
RanbooLive,BadBoyHalo,31
RanbooLive,Fundy,20
RanbooLive,GeorgeNotFound,98
RanbooLive,JackManifoldTV,30
RanbooLive,JustaMinx,7
RanbooLive,Nihachu,48
RanbooLive,Philza,41
RanbooLive,Quackity,67
RanbooLive,QuackityToo,37
RanbooLive,Sapnap,49
RanbooLive,Sykkuno,6
RanbooLive,Technoblade,15
RanbooLive,ThisIsNotGeorgeNotFound,34
RanbooLive,Tubbo,122
RanbooLive,TubboLIVE,46
RanbooLive,WilburSoot,82
RanbooLive,dreamwastaken,94
RanbooLive,hannahxxrose,14
RanbooLive,karljacobs,64
RanbooLive,karljacobs_alt,4
RanbooLive,karlnetwork,28
RanbooLive,ranbooalt,20
RanbooLive,ranboobutnot,43
RanbooLive,sapnapalt,20
RanbooLive,skeppy,21
RanbooLive,tommyinnit,124
RanbooLive,tommyinnitalt,46
Sapnap,Antfrost,15
Sapnap,BadBoyHalo,81
Sapnap,CaptainPuffy,41
Sapnap,Corpse_Husband,18
Sapnap,DreamAlt_,18
Sapnap,DropsByPonk,6
Sapnap,Foolish_Gamers,32
Sapnap,Fundy,35
Sapnap,GeorgeNotFound,178
Sapnap,JackManifoldTV,57
Sapnap,JustaMinx,19
Sapnap,Nihachu,81
Sapnap,Philza,64
Sapnap,Punz,38
Sapnap,Quackity,105
Sapnap,QuackityToo,74
Sapnap,RanbooLive,117
Sapnap,Slimecicle,34
Sapnap,Technoblade,29
Sapnap,ThisIsNotGeorgeNotFound,72
Sapnap,Tubbo,118
Sapnap,TubboLIVE,51
Sapnap,WilburSoot,102
Sapnap,awesamdude,21
Sapnap,dreamwastaken,187
Sapnap,hannahxxrose,29
Sapnap,karljacobs,135
Sapnap,karljacobs_alt,4
Sapnap,karlnetwork,57
Sapnap,phoodu,4
Sapnap,pokimane,3
Sapnap,ranboobutnot,39
Sapnap,sapnapalt,74
Sapnap,skeppy,41
Sapnap,techneoblade,11
Sapnap,tommyinnit,141
Sapnap,tommyinnitalt,53
Sykkuno,AnthonyZ,3
Sykkuno,Ash_on_LoL,3
Sykkuno,Corpse_Husband,36
Sykkuno,Foolish_Gamers,7
Sykkuno,Fundy,9
Sykkuno,GeorgeNotFound,21
Sykkuno,LDShadowLady,4
Sykkuno,Nihachu,11
Sykkuno,Philza,12
Sykkuno,RanbooLive,10
Sykkuno,Sapnap,9
Sykkuno,ShahZaM,3
Sykkuno,Slimecicle,7
Sykkuno,ThisIsNotGeorgeNotFound,7
Sykkuno,TinaKitten,16
Sykkuno,Tubbo,12
Sykkuno,TubboLIVE,6
Sykkuno,WilburSoot,15
Sykkuno,buddha,3
Sykkuno,dreamwastaken,21
Sykkuno,fuslie,5
Sykkuno,ironmouse,3
Sykkuno,jacksepticeye,8
Sykkuno,jschlatt,3
Sykkuno,karljacobs,16
Sykkuno,karlnetwork,9
Sykkuno,lilypichu,4
Sykkuno,loltyler1,3
Sykkuno,ludwig,6
Sykkuno,neimki,3
Sykkuno,pokimane,14
Sykkuno,ranboobutnot,3
Sykkuno,tommyinnit,18
ThisIsNotGeorgeNotFound,BadBoyHalo,38
ThisIsNotGeorgeNotFound,CaptainPuffy,14
ThisIsNotGeorgeNotFound,DreamAlt_,25
ThisIsNotGeorgeNotFound,DropsByPonk,3
ThisIsNotGeorgeNotFound,Foolish_Gamers,26
ThisIsNotGeorgeNotFound,Fundy,19
ThisIsNotGeorgeNotFound,GeorgeNotFound,115
ThisIsNotGeorgeNotFound,HBomb94,3
ThisIsNotGeorgeNotFound,JackManifoldTV,28
ThisIsNotGeorgeNotFound,JustaMinx,8
ThisIsNotGeorgeNotFound,Nihachu,28
ThisIsNotGeorgeNotFound,Philza,39
ThisIsNotGeorgeNotFound,Punz,28
ThisIsNotGeorgeNotFound,Purpled,16
ThisIsNotGeorgeNotFound,Quackity,64
ThisIsNotGeorgeNotFound,QuackityToo,56
ThisIsNotGeorgeNotFound,RanbooLive,60
ThisIsNotGeorgeNotFound,Sapnap,72
ThisIsNotGeorgeNotFound,Slimecicle,23
ThisIsNotGeorgeNotFound,Sneegsnag,9
ThisIsNotGeorgeNotFound,Sykkuno,18
ThisIsNotGeorgeNotFound,Tubbo,69
ThisIsNotGeorgeNotFound,TubboLIVE,43
ThisIsNotGeorgeNotFound,WilburSoot,58
ThisIsNotGeorgeNotFound,awesamdude,19
ThisIsNotGeorgeNotFound,dreamwastaken,102
ThisIsNotGeorgeNotFound,hannahxxrose,17
ThisIsNotGeorgeNotFound,karljacobs,57
ThisIsNotGeorgeNotFound,karljacobs_alt,7
ThisIsNotGeorgeNotFound,karlnetwork,51
ThisIsNotGeorgeNotFound,neimki,9
ThisIsNotGeorgeNotFound,ranboobutnot,33
ThisIsNotGeorgeNotFound,sapnapalt,35
ThisIsNotGeorgeNotFound,skeppy,18
ThisIsNotGeorgeNotFound,techneoblade,7
ThisIsNotGeorgeNotFound,tommyinnit,86
ThisIsNotGeorgeNotFound,tommyinnitalt,45
Tubbo,BadBoyHalo,46
Tubbo,Corpse_Husband,10
Tubbo,Fundy,29
Tubbo,GeorgeNotFound,126
Tubbo,JackManifoldTV,33
Tubbo,JustaMinx,4
Tubbo,Nihachu,59
Tubbo,Philza,59
Tubbo,Punz,19
Tubbo,Purpled,3
Tubbo,Quackity,75
Tubbo,QuackityToo,38
Tubbo,RanbooLive,147
Tubbo,Sapnap,67
Tubbo,Slimecicle,21
Tubbo,Technoblade,22
Tubbo,ThisIsNotGeorgeNotFound,42
Tubbo,TubboLIVE,85
Tubbo,WilburSoot,109
Tubbo,dreamwastaken,132
Tubbo,hannahxxrose,23
Tubbo,karljacobs,65
Tubbo,karljacobs_alt,3
Tubbo,karlnetwork,33
Tubbo,ranboobutnot,29
Tubbo,sapnapalt,17
Tubbo,skeppy,20
Tubbo,techneoblade,11
Tubbo,tommyinnit,171
Tubbo,tommyinnitalt,54
pokimane,Amouranth,9
pokimane,Tfue,6
pokimane,fuslie,3
pokimane,lilypichu,9
pokimane,xChocoBars,3
skeppy,Antfrost,18
skeppy,BadBoyHalo,134
skeppy,CaptainPuffy,48
skeppy,CaptainSparklez,7
skeppy,ConnorEatsPants,5
skeppy,Corpse_Husband,11
skeppy,DropsByPonk,27
skeppy,Eret,34
skeppy,Foolish_Gamers,40
skeppy,Fundy,52
skeppy,GeorgeNotFound,100
skeppy,HBomb94,13
skeppy,JackManifoldTV,52
skeppy,JustaMinx,32
skeppy,Michaelmcchill,3
skeppy,Nihachu,73
skeppy,PhilzALT,10
skeppy,Philza,56
skeppy,Punz,38
skeppy,Purpled,39
skeppy,Quackity,76
skeppy,QuackityToo,46
skeppy,RanbooLive,84
skeppy,Sapnap,84
skeppy,Slimecicle,32
skeppy,Sykkuno,9
skeppy,Technoblade,36
skeppy,ThisIsNotGeorgeNotFound,38
skeppy,Tubbo,89
skeppy,TubboLIVE,43
skeppy,WilburSoot,76
skeppy,awesamdude,32
skeppy,beautie_,13
skeppy,dreamwastaken,97
skeppy,hannahxxrose,39
skeppy,jschlatt,28
skeppy,karljacobs,82
skeppy,karljacobs_alt,8
skeppy,karlnetwork,25
skeppy,neimki,11
skeppy,ranboobutnot,21
skeppy,sapnapalt,23
skeppy,techneoblade,23
skeppy,tommyinnit,89
skeppy,tommyinnitalt,34
tommyinnit,BadBoyHalo,41
tommyinnit,CaptainPuffy,18
tommyinnit,Foolish_Gamers,16
tommyinnit,Fundy,24
tommyinnit,GeorgeNotFound,127
tommyinnit,JackManifoldTV,30
tommyinnit,JustaMinx,6
tommyinnit,Nihachu,58
tommyinnit,Philza,58
tommyinnit,Quackity,79
tommyinnit,QuackityToo,42
tommyinnit,RanbooLive,132
tommyinnit,Sapnap,68
tommyinnit,Technoblade,15
tommyinnit,ThisIsNotGeorgeNotFound,44
tommyinnit,Tubbo,148
tommyinnit,TubboLIVE,52
tommyinnit,WilburSoot,114
tommyinnit,dreamwastaken,140
tommyinnit,hannahxxrose,18
tommyinnit,karljacobs,70
tommyinnit,karljacobs_alt,3
tommyinnit,karlnetwork,25
tommyinnit,ranboobutnot,31
tommyinnit,sapnapalt,18
tommyinnit,tommyinnitalt,87
GeorgeNotFound,Corpse_Husband,14
GeorgeNotFound,DreamAlt_,15
GeorgeNotFound,Foolish_Gamers,12
GeorgeNotFound,PhilzALT,10
GeorgeNotFound,Slimecicle,26
GeorgeNotFound,Sykkuno,3
GeorgeNotFound,awesamdude,15
GeorgeNotFound,pokimane,3
GeorgeNotFound,skeppy,24
BadBoyHalo,CaptainSparklez,6
BadBoyHalo,PhilzALT,16
BadBoyHalo,neimki,9
BadBoyHalo,ranbooalt,6
JackManifoldTV,Antfrost,11
JackManifoldTV,BadBoyHalo,47
JackManifoldTV,CaptainPuffy,28
JackManifoldTV,ConnorEatsPants,3
JackManifoldTV,Corpse_Husband,8
JackManifoldTV,DreamAlt_,18
JackManifoldTV,DropsByPonk,14
JackManifoldTV,Eret,21
JackManifoldTV,Foolish_Gamers,23
JackManifoldTV,Fundy,41
JackManifoldTV,GeorgeNotFound,75
JackManifoldTV,HBomb94,4
JackManifoldTV,JustaMinx,15
JackManifoldTV,Michaelmcchill,3
JackManifoldTV,Nihachu,55
JackManifoldTV,PhilzALT,17
JackManifoldTV,Philza,56
JackManifoldTV,Punz,25
JackManifoldTV,Purpled,20
JackManifoldTV,Quackity,61
JackManifoldTV,QuackityToo,41
JackManifoldTV,RanbooLive,78
JackManifoldTV,Sapnap,56
JackManifoldTV,Slimecicle,38
JackManifoldTV,Sneegsnag,3
JackManifoldTV,Technoblade,18
JackManifoldTV,ThisIsNotGeorgeNotFound,28
JackManifoldTV,Tubbo,75
JackManifoldTV,TubboLIVE,41
JackManifoldTV,WilburSoot,70
JackManifoldTV,awesamdude,20
JackManifoldTV,beautie_,3
JackManifoldTV,dreamwastaken,76
JackManifoldTV,hannahxxrose,18
JackManifoldTV,jschlatt,19
JackManifoldTV,karljacobs,58
JackManifoldTV,karlnetwork,23
JackManifoldTV,neimki,7
JackManifoldTV,ranboobutnot,26
JackManifoldTV,sapnapalt,28
JackManifoldTV,skeppy,27
JackManifoldTV,techneoblade,7
JackManifoldTV,tommyinnit,79
JackManifoldTV,tommyinnitalt,40
Nihachu,LDShadowLady,4
Nihachu,Markiplier,3
Nihachu,PhilzALT,9
Nihachu,karljacobs_alt,6
Nihachu,ranbooalt,6
Philza,Antfrost,6
Philza,CaptainSparklez,4
Philza,Sykkuno,7
Philza,hannahxxrose,17
Punz,5uppp,4
Punz,Antfrost,3
Punz,BadBoyHalo,15
Punz,CaptainPuffy,3
Punz,Corpse_Husband,4
Punz,DreamAlt_,7
Punz,DropsByPonk,3
Punz,ErynStreams,5
Punz,Foolish_Gamers,13
Punz,Fundy,7
Punz,GeorgeNotFound,14
Punz,HBomb94,4
Punz,JackManifoldTV,11
Punz,JustaMinx,9
Punz,Nihachu,10
Punz,Ninja,3
Punz,Philza,16
Punz,Purpled,3
Punz,Quackity,12
Punz,QuackityToo,15
Punz,RanbooLive,18
Punz,Sapnap,17
Punz,Slimecicle,16
Punz,Sneegsnag,7
Punz,Sykkuno,6
Punz,Technoblade,4
Punz,ThisIsNotGeorgeNotFound,18
Punz,TinaKitten,5
Punz,Tubbo,15
Punz,TubboLIVE,10
Punz,WilburSoot,16
Punz,aimsey,4
Punz,awesamdude,9
Punz,beautie_,4
Punz,dreamwastaken,18
Punz,hannahxxrose,3
Punz,karljacobs,14
Punz,karlnetwork,16
Punz,neimki,3
Punz,phoodu,3
Punz,piso4,5
Punz,qwerty,3
Punz,ranboobutnot,9
Punz,sapnapalt,18
Punz,skeppy,3
Punz,tommyinnit,21
Punz,tommyinnitalt,11
Quackity,Antfrost,9
Quackity,Corpse_Husband,9
Quackity,DreamAlt_,11
Quackity,Eret,4
Quackity,Punz,18
Quackity,Purpled,7
Quackity,awesamdude,9
QuackityToo,Corpse_Husband,11
QuackityToo,DreamAlt_,11
QuackityToo,IamCristinini,3
QuackityToo,Luzu,4
QuackityToo,Mayichi,3
QuackityToo,MissaSinfonia,17
QuackityToo,Purpled,6
QuackityToo,TheGrefg,7
QuackityToo,ibai,11
QuackityToo,jschlatt,4
QuackityToo,komanche,3
QuackityToo,ranbooalt,3
QuackityToo,xXxTheFocuSxXx,5
RanbooLive,CaptainPuffy,15
RanbooLive,Corpse_Husband,6
RanbooLive,PhilzALT,11
RanbooLive,Punz,12
RanbooLive,Purpled,6
RanbooLive,Slimecicle,21
RanbooLive,awesamdude,12
RanbooLive,jschlatt,10
RanbooLive,techneoblade,11
Sapnap,PhilzALT,10
Sapnap,Purpled,15
Sapnap,Sykkuno,7
Sapnap,TinaKitten,5
Sapnap,beautie_,7
Sapnap,jschlatt,13
Sapnap,ranbooalt,6
ThisIsNotGeorgeNotFound,Corpse_Husband,11
ThisIsNotGeorgeNotFound,PhilzALT,9
ThisIsNotGeorgeNotFound,ShubbleYT,3
ThisIsNotGeorgeNotFound,TinaKitten,3
ThisIsNotGeorgeNotFound,beautie_,9
ThisIsNotGeorgeNotFound,jschlatt,10
ThisIsNotGeorgeNotFound,ludwig,3
ThisIsNotGeorgeNotFound,ranbooalt,10
Tubbo,Antfrost,3
Tubbo,CaptainPuffy,16
Tubbo,DreamAlt_,16
Tubbo,awesamdude,15
TubboLIVE,Antfrost,7
TubboLIVE,BadBoyHalo,30
TubboLIVE,CaptainPuffy,15
TubboLIVE,Corpse_Husband,8
TubboLIVE,DreamAlt_,12
TubboLIVE,DropsByPonk,3
TubboLIVE,Foolish_Gamers,16
TubboLIVE,Fundy,19
TubboLIVE,GeorgeNotFound,70
TubboLIVE,HBomb94,3
TubboLIVE,JackManifoldTV,27
TubboLIVE,JustaMinx,4
TubboLIVE,Nihachu,30
TubboLIVE,PhilzALT,8
TubboLIVE,Philza,40
TubboLIVE,Punz,17
TubboLIVE,Purpled,10
TubboLIVE,Quackity,49
TubboLIVE,QuackityToo,38
TubboLIVE,RanbooLive,74
TubboLIVE,Sapnap,42
TubboLIVE,Slimecicle,16
TubboLIVE,Sweet_Anita,3
TubboLIVE,Technoblade,13
TubboLIVE,ThisIsNotGeorgeNotFound,36
TubboLIVE,Tubbo,102
TubboLIVE,WilburSoot,59
TubboLIVE,awesamdude,12
TubboLIVE,dreamwastaken,67
TubboLIVE,hannahxxrose,14
TubboLIVE,karljacobs,35
TubboLIVE,karlnetwork,25
TubboLIVE,ranbooalt,18
TubboLIVE,ranboobutnot,35
TubboLIVE,sapnapalt,18
TubboLIVE,skeppy,21
TubboLIVE,techneoblade,8
TubboLIVE,tommyinnit,83
TubboLIVE,tommyinnitalt,52
WilburSoot,BadBoyHalo,46
WilburSoot,DanTDM,3
WilburSoot,Foolish_Gamers,14
WilburSoot,Fundy,24
WilburSoot,GeorgeNotFound,90
WilburSoot,JackManifoldTV,29
WilburSoot,JustaMinx,8
WilburSoot,Nihachu,60
WilburSoot,PhilzALT,9
WilburSoot,Philza,60
WilburSoot,Punz,17
WilburSoot,Quackity,69
WilburSoot,QuackityToo,41
WilburSoot,RanbooLive,110
WilburSoot,Sapnap,58
WilburSoot,Slimecicle,33
WilburSoot,Technoblade,26
WilburSoot,ThisIsNotGeorgeNotFound,25
WilburSoot,Tubbo,113
WilburSoot,TubboLIVE,45
WilburSoot,awesamdude,17
WilburSoot,dreamwastaken,94
WilburSoot,hannahxxrose,21
WilburSoot,karljacobs,66
WilburSoot,karlnetwork,30
WilburSoot,ranboobutnot,20
WilburSoot,sapnapalt,17
WilburSoot,skeppy,21
WilburSoot,techneoblade,13
WilburSoot,tommyinnit,144
WilburSoot,tommyinnitalt,47
dreamwastaken,BadBoyHalo,39
dreamwastaken,CaptainPuffy,19
dreamwastaken,Fundy,25
dreamwastaken,GeorgeNotFound,158
dreamwastaken,JackManifoldTV,27
dreamwastaken,JustaMinx,6
dreamwastaken,Nihachu,45
dreamwastaken,Philza,37
dreamwastaken,Quackity,72
dreamwastaken,QuackityToo,47
dreamwastaken,RanbooLive,88
dreamwastaken,Sapnap,79
dreamwastaken,Technoblade,7
dreamwastaken,ThisIsNotGeorgeNotFound,51
dreamwastaken,Tubbo,96
dreamwastaken,TubboLIVE,41
dreamwastaken,WilburSoot,76
dreamwastaken,karljacobs,69
dreamwastaken,karlnetwork,31
dreamwastaken,ranboobutnot,30
dreamwastaken,sapnapalt,28
dreamwastaken,tommyinnit,136
dreamwastaken,tommyinnitalt,47
karljacobs,BadBoyHalo,51
karljacobs,CaptainPuffy,24
karljacobs,Foolish_Gamers,17
karljacobs,Fundy,21
karljacobs,GeorgeNotFound,104
karljacobs,JackManifoldTV,38
karljacobs,JustaMinx,10
karljacobs,Nihachu,55
karljacobs,Philza,37
karljacobs,Punz,18
karljacobs,Purpled,7
karljacobs,Quackity,84
karljacobs,QuackityToo,61
karljacobs,RanbooLive,93
karljacobs,Sapnap,90
karljacobs,Slimecicle,22
karljacobs,Technoblade,22
karljacobs,ThisIsNotGeorgeNotFound,38
karljacobs,Tubbo,87
karljacobs,TubboLIVE,28
karljacobs,WilburSoot,74
karljacobs,awesamdude,13
karljacobs,dreamwastaken,111
karljacobs,hannahxxrose,13
karljacobs,karljacobs_alt,11
karljacobs,karlnetwork,57
karljacobs,neimki,9
karljacobs,ranboobutnot,24
karljacobs,sapnapalt,38
karljacobs,skeppy,30
karljacobs,tommyinnit,112
karljacobs,tommyinnitalt,41
karljacobs,xQcOW,3
sapnapalt,Antfrost,3
sapnapalt,BadBoyHalo,6
sapnapalt,CaptainPuffy,4
sapnapalt,Corpse_Husband,6
sapnapalt,DreamAlt_,5
sapnapalt,Eret,3
sapnapalt,ErynStreams,4
sapnapalt,Foolish_Gamers,9
sapnapalt,Fundy,7
sapnapalt,GeorgeNotFound,9
sapnapalt,JackManifoldTV,4
sapnapalt,JustaMinx,4
sapnapalt,Nihachu,7
sapnapalt,Philza,9
sapnapalt,Punz,13
sapnapalt,Purpled,3
sapnapalt,Quackity,5
sapnapalt,QuackityToo,9
sapnapalt,RanbooLive,10
sapnapalt,Sapnap,10
sapnapalt,Slimecicle,9
sapnapalt,Sneegsnag,5
sapnapalt,SwaggerSouls,3
sapnapalt,Sykkuno,6
sapnapalt,ThisIsNotGeorgeNotFound,14
sapnapalt,TinaKitten,5
sapnapalt,Tubbo,11
sapnapalt,TubboLIVE,6
sapnapalt,WilburSoot,9
sapnapalt,aimsey,3
sapnapalt,awesamdude,4
sapnapalt,buddha,3
sapnapalt,dreamwastaken,14
sapnapalt,hannahxxrose,3
sapnapalt,karljacobs,11
sapnapalt,karlnetwork,13
sapnapalt,ludwig,3
sapnapalt,phoodu,3
sapnapalt,pokimane,4
sapnapalt,ranboobutnot,5
sapnapalt,tommyinnit,9
sapnapalt,tommyinnitalt,4
skeppy,jacksepticeye,3
tommyinnit,Corpse_Husband,3
tommyinnit,Slimecicle,26
tommyinnit,Sykkuno,9
tommyinnitalt,AvaJC,3
tommyinnitalt,BadBoyHalo,35
tommyinnitalt,CaptainPuffy,17
tommyinnitalt,Corpse_Husband,8
tommyinnitalt,Foolish_Gamers,29
tommyinnitalt,Fundy,22
tommyinnitalt,GeorgeNotFound,95
tommyinnitalt,JackManifoldTV,49
tommyinnitalt,JustaMinx,14
tommyinnitalt,Nihachu,54
tommyinnitalt,PhilzALT,14
tommyinnitalt,Philza,61
tommyinnitalt,Punz,24
tommyinnitalt,Purpled,14
tommyinnitalt,Quackity,75
tommyinnitalt,QuackityToo,56
tommyinnitalt,RanbooLive,94
tommyinnitalt,Sapnap,59
tommyinnitalt,Slimecicle,28
tommyinnitalt,Technoblade,7
tommyinnitalt,ThisIsNotGeorgeNotFound,52
tommyinnitalt,Tubbo,108
tommyinnitalt,TubboLIVE,68
tommyinnitalt,WilburSoot,83
tommyinnitalt,awesamdude,19
tommyinnitalt,dreamwastaken,97
tommyinnitalt,hannahxxrose,17
tommyinnitalt,karljacobs,64
tommyinnitalt,karljacobs_alt,3
tommyinnitalt,karlnetwork,41
tommyinnitalt,neimki,13
tommyinnitalt,ranbooalt,15
tommyinnitalt,ranboobutnot,46
tommyinnitalt,sapnapalt,36
tommyinnitalt,skeppy,18
tommyinnitalt,techneoblade,8
tommyinnitalt,tommyinnit,155
Kyedae,AdinRoss,7
Kyedae,Mizkif,4
Kyedae,NICKMERCS,7
Kyedae,Riot Games,7
Kyedae,ShahZaM,46
Kyedae,Sykkuno,7
Kyedae,TenZ,91
Kyedae,VALORANT,32
Kyedae,dreamwastaken,4
Kyedae,karlnetwork,3
Kyedae,lilypichu,11
Kyedae,miniminter,3
Kyedae,pokimane,32
Kyedae,shroud,11
Kyedae,sinatraa,16
Kyedae,tommyinnit,6
Kyedae,xQcOW,17
Kyedae,yourragegaming,4
AdinRoss,Clix,3
AdinRoss,Flight23white,3
AdinRoss,IShowSpeed,3
AdinRoss,ImKaiCenat,6
AdinRoss,Im_Dontai,3
AdinRoss,NICKMERCS,3
AdinRoss,Ninja,3
AdinRoss,TeeGrizzley,3
AdinRoss,xQcOW,5
Mizkif,39daph,4
Mizkif,AriaSaki,5
Mizkif,Doublelift,3
Mizkif,EsfandTV,5
Mizkif,HasanAbi,5
Mizkif,Hungrybox,3
Mizkif,JustaMinx,4
Mizkif,Kyedae,3
Mizkif,QTCinderella,4
Mizkif,QuarterJade,4
Mizkif,Scarra,3
Mizkif,ShahZaM,3
Mizkif,Sykkuno,3
Mizkif,TSM_ImperialHal,4
Mizkif,TinaKitten,5
Mizkif,VALORANT,3
Mizkif,WilburSoot,3
Mizkif,aceu,3
Mizkif,boxbox,4
Mizkif,iiTzTimmy,4
Mizkif,karljacobs,3
Mizkif,kkatamina,4
Mizkif,lilypichu,3
Mizkif,ludwig,15
Mizkif,moistcr1tikal,7
Mizkif,peterparkTV,3
Mizkif,richwcampbell,3
Mizkif,shroud,4
Mizkif,sodapoppin,3
Mizkif,xQcOW,8
NICKMERCS,Faide,3
NICKMERCS,LuluLuvely,3
NICKMERCS,ShivFPS,6
NICKMERCS,Swagg,3
NICKMERCS,TSM_ImperialHal,16
NICKMERCS,TimTheTatman,10
NICKMERCS,Trainwreckstv,3
NICKMERCS,aceu,3
NICKMERCS,iiTzTimmy,4
NICKMERCS,playapex,4
NICKMERCS,shroud,11
ShahZaM,72hrs,3
ShahZaM,AsunaWEEB,9
ShahZaM,AverageJonas,7
ShahZaM,Horcus,3
ShahZaM,Kyedae,24
ShahZaM,SicK_cs,6
ShahZaM,Subroza,12
ShahZaM,TenZ,48
ShahZaM,VALORANT,45
ShahZaM,WARDELL,12
ShahZaM,ibai,3
ShahZaM,loltyler1,3
ShahZaM,nAts,6
ShahZaM,ploo,8
ShahZaM,shroud,16
ShahZaM,sinatraa,32
ShahZaM,tarik,3
ShahZaM,xQcOW,9
ShahZaM,zombs,6
TenZ,Kyedae,38
TenZ,ShahZaM,57
TenZ,VALORANT,21
TenZ,loltyler1,6
TenZ,pokimane,14
TenZ,sinatraa,30
TenZ,xQcOW,6
VALORANT,Hiko,12
VALORANT,Kyedae,25
VALORANT,Mizkif,6
VALORANT,Ninja,10
VALORANT,ShahZaM,49
VALORANT,Subroza,9
VALORANT,Sykkuno,3
VALORANT,TSM_ImperialHal,3
VALORANT,TenZ,40
VALORANT,moistcr1tikal,6
VALORANT,pokimane,15
VALORANT,shroud,28
VALORANT,sinatraa,22
VALORANT,tarik,12
VALORANT,xQcOW,11
dreamwastaken,Corpse_Husband,7
dreamwastaken,DreamAlt_,14
dreamwastaken,PhilzALT,8
dreamwastaken,Punz,17
dreamwastaken,Purpled,4
dreamwastaken,Slimecicle,13
dreamwastaken,Sykkuno,5
dreamwastaken,awesamdude,17
dreamwastaken,hannahxxrose,18
dreamwastaken,ludwig,3
dreamwastaken,neimki,4
dreamwastaken,pokimane,3
dreamwastaken,skeppy,15
dreamwastaken,techneoblade,7
dreamwastaken,xQcOW,3
lilypichu,AriaSaki,3
lilypichu,Corpse_Husband,3
lilypichu,DisguisedToast,9
lilypichu,GenshinImpactOfficial,3
lilypichu,GeorgeNotFound,3
lilypichu,Mizkif,6
lilypichu,OfflineTV,3
lilypichu,Ray__C,3
lilypichu,Sykkuno,12
lilypichu,TenZ,4
lilypichu,TinaKitten,8
lilypichu,dreamwastaken,4
lilypichu,dunkstream,3
lilypichu,fuslie,3
lilypichu,ironmouse,8
lilypichu,jacksepticeye,3
lilypichu,karljacobs,9
lilypichu,kkatamina,3
lilypichu,loltyler1,3
lilypichu,ludwig,10
lilypichu,michaelreeves,28
lilypichu,moistcr1tikal,11
lilypichu,pokimane,20
lilypichu,tommyinnit,8
lilypichu,xQcOW,5
pokimane,Bugha,3
pokimane,Mongraal,3
pokimane,Ninja,3
pokimane,StableRonaldo,3
shroud,Asmongold,15
shroud,BrookeAB,3
shroud,Mizkif,9
shroud,TSM_ImperialHal,7
shroud,Tfue,7
shroud,loltyler1,14
shroud,ludwig,12
shroud,zackrawrr,7
sinatraa,AsunaWEEB,15
sinatraa,BotezLive,3
sinatraa,ElMariana,3
sinatraa,Hiko,11
sinatraa,Jerma985,3
sinatraa,Kyedae,25
sinatraa,Mizkif,3
sinatraa,QuarterJade,3
sinatraa,ShahZaM,68
sinatraa,TSM_ImperialHal,6
sinatraa,TenZ,48
sinatraa,VALORANT,43
sinatraa,WARDELL,16
sinatraa,loltyler1,3
sinatraa,pokimane,9
sinatraa,shroud,14
sinatraa,zombs,13
RanbooLive,DreamAlt_,10
RanbooLive,beautie_,3
BadBoyHalo,BoomerNA,3
BadBoyHalo,beautie_,6
CaptainPuffy,Antfrost,14
CaptainPuffy,BadBoyHalo,42
CaptainPuffy,CaptainSparklez,5
CaptainPuffy,ConnorEatsPants,6
CaptainPuffy,Corpse_Husband,11
CaptainPuffy,DropsByPonk,15
CaptainPuffy,Eret,22
CaptainPuffy,Foolish_Gamers,18
CaptainPuffy,Fundy,35
CaptainPuffy,GeorgeNotFound,40
CaptainPuffy,HBomb94,4
CaptainPuffy,JackManifoldTV,30
CaptainPuffy,JustaMinx,22
CaptainPuffy,Michaelmcchill,3
CaptainPuffy,Nihachu,47
CaptainPuffy,PhilzALT,9
CaptainPuffy,Philza,36
CaptainPuffy,Punz,22
CaptainPuffy,Purpled,20
CaptainPuffy,Quackity,38
CaptainPuffy,QuackityToo,25
CaptainPuffy,RanbooLive,40
CaptainPuffy,Sapnap,36
CaptainPuffy,Slimecicle,18
CaptainPuffy,Sykkuno,8
CaptainPuffy,Technoblade,20
CaptainPuffy,ThisIsNotGeorgeNotFound,15
CaptainPuffy,Tubbo,40
CaptainPuffy,TubboLIVE,22
CaptainPuffy,WilburSoot,43
CaptainPuffy,awesamdude,21
CaptainPuffy,beautie_,3
CaptainPuffy,dreamwastaken,43
CaptainPuffy,gutsluvr,3
CaptainPuffy,hannahxxrose,23
CaptainPuffy,jschlatt,14
CaptainPuffy,karljacobs,36
CaptainPuffy,karlnetwork,12
CaptainPuffy,neimki,8
CaptainPuffy,sapnapalt,16
CaptainPuffy,skeppy,29
CaptainPuffy,techneoblade,10
CaptainPuffy,tommyinnit,45
CaptainPuffy,tommyinnitalt,19
Fundy,Sneegsnag,24
Fundy,Sykkuno,7
Fundy,naya,3
GeorgeNotFound,Purpled,3
GeorgeNotFound,phoodu,3
GeorgeNotFound,ranbooalt,14
Nihachu,Sykkuno,7
Nihachu,beautie_,3
Philza,DanTDM,4
Philza,DropsByPonk,6
Philza,neimki,4
Quackity,MissaSinfonia,9
Quackity,Slimecicle,17
Quackity,biyin_,5
Quackity,ranbooalt,4
Quackity,xXxTheFocuSxXx,3
QuackityToo,Camijara00,3
QuackityToo,DalasReview,3
QuackityToo,DeqiuV,3
QuackityToo,Estailus,3
QuackityToo,LakshartNia,3
QuackityToo,RobertoCein,7
QuackityToo,Robleis,8
QuackityToo,Sykkuno,3
Sapnap,LDShadowLady,3
ThisIsNotGeorgeNotFound,Antfrost,8
ThisIsNotGeorgeNotFound,Eret,7
ThisIsNotGeorgeNotFound,Luzu,3
ThisIsNotGeorgeNotFound,Technoblade,10
ThisIsNotGeorgeNotFound,juansguarnizo,3
ThisIsNotGeorgeNotFound,punzlmao,3
Tubbo,Foolish_Gamers,16
Tubbo,ranbooalt,11
TubboLIVE,Sykkuno,3
TubboLIVE,jschlatt,11
TubboLIVE,neimki,6
WilburSoot,Antfrost,15
WilburSoot,CaptainPuffy,21
WilburSoot,Corpse_Husband,10
WilburSoot,Eret,6
WilburSoot,Purpled,6
WilburSoot,ranbooalt,9
dreamwastaken,Antfrost,8
dreamwastaken,DanTDM,3
dreamwastaken,Rubius,3
karljacobs,Antfrost,6
karljacobs,Corpse_Husband,6
karljacobs,Eret,6
karljacobs,Markiplier,3
karljacobs,jacksepticeye,3
karljacobs,ludwig,4
karljacobs,techneoblade,8
karlnetwork,BadBoyHalo,29
karlnetwork,CaptainPuffy,17
karlnetwork,Corpse_Husband,10
karlnetwork,DreamAlt_,18
karlnetwork,DropsByPonk,3
karlnetwork,ErynStreams,3
karlnetwork,Fundy,10
karlnetwork,GeorgeNotFound,72
karlnetwork,JackManifoldTV,34
karlnetwork,JustaMinx,17
karlnetwork,Nihachu,41
karlnetwork,Philza,29
karlnetwork,Punz,22
karlnetwork,Purpled,11
karlnetwork,Quackity,60
karlnetwork,QuackityToo,53
karlnetwork,RanbooLive,65
karlnetwork,Sapnap,63
karlnetwork,Slimecicle,21
karlnetwork,Sneegsnag,4
karlnetwork,Sykkuno,11
karlnetwork,TapL,3
karlnetwork,Technoblade,4
karlnetwork,ThisIsNotGeorgeNotFound,56
karlnetwork,Tubbo,59
karlnetwork,TubboLIVE,36
karlnetwork,WilburSoot,43
karlnetwork,awesamdude,5
karlnetwork,dreamwastaken,71
karlnetwork,hannahxxrose,15
karlnetwork,karljacobs,93
karlnetwork,karljacobs_alt,13
karlnetwork,neimki,10
karlnetwork,ranbooalt,9
karlnetwork,ranboobutnot,31
karlnetwork,sapnapalt,45
karlnetwork,skeppy,14
karlnetwork,techneoblade,3
karlnetwork,tommyinnit,61
karlnetwork,tommyinnitalt,37
skeppy,BoomerNA,7
skeppy,BoomerNAlt,4
skeppy,DreamAlt_,10
skeppy,ErynStreams,12
skeppy,mrbeast6000,3
tommyinnit,Punz,12
tommyinnit,Rubius,3
tommyinnit,auronplay,3
tommyinnit,awesamdude,11
tommyinnit,juansguarnizo,3
tommyinnit,skeppy,11
tommyinnitalt,DreamAlt_,12
tommyinnitalt,Sneegsnag,10
tommyinnitalt,TapL,3
ShahZaM,DisguisedToast,3
ShahZaM,Governor,3
ShahZaM,Hiko,6
ShahZaM,Myth,3
ShahZaM,NRG_Hamlinz,6
ShahZaM,TinaKitten,3
ShahZaM,blackelespanolito,6
ShahZaM,keznit1,3
ShahZaM,ludwig,3
ShahZaM,pokimane,15
Kyedae,39daph,3
Kyedae,DisguisedToast,4
Kyedae,SicK_cs,13
Kyedae,TSM_Daequan,6
Kyedae,WARDELL,13
Kyedae,aceu,3
Kyedae,michaelreeves,3
Kyedae,tuonto,3
TenZ,AsunaWEEB,3
TenZ,Grimm,3
TenZ,lilypichu,4
TenZ,michaelreeves,4
TenZ,moistcr1tikal,4
TenZ,shroud,21
TenZ,superbuss_,3
TenZ,tuonto,3
VALORANT,AsunaWEEB,9
VALORANT,Governor,3
VALORANT,PRXf0rsakeN,5
VALORANT,SicK_cs,9
VALORANT,TBONE_FTW,5
VALORANT,dapr,8
VALORANT,mw1gg,16
VALORANT,nAts,6
VALORANT,tommyinnit,7
VALORANT,zombs,6
pokimane,DisguisedToast,4
pokimane,Mizkif,8
pokimane,Scarra,5
pokimane,kkatamina,3
pokimane,moistcr1tikal,3
pokimane,yvonnie,4
sinatraa,AverageJonas,9
sinatraa,Governor,4
sinatraa,HITBOXKING,3
sinatraa,Ninja,3
sinatraa,OfficialBoaster,3
sinatraa,SicK_cs,10
sinatraa,StarWraith,3
sinatraa,Subroza,15
sinatraa,dapr,7
sinatraa,iC0NiC_TV,3
sinatraa,johnolsen_,3
sinatraa,nAts,6
sinatraa,ploo,3
sinatraa,s0mcs,6
sinatraa,tarik,7
sinatraa,valorantesports2,3
sinatraa,xQcOW,4
Sykkuno,BadBoyHalo,10
Sykkuno,DisguisedToast,3
Sykkuno,JackManifoldTV,9
Sykkuno,Punz,6
Sykkuno,Quackity,4
Sykkuno,QuackityToo,4
Sykkuno,hannahxxrose,4
Sykkuno,kkatamina,3
Sykkuno,skeppy,3
Sykkuno,tommyinnitalt,7
BadBoyHalo,ErynStreams,6
BadBoyHalo,Sneegsnag,3
BadBoyHalo,TinaKitten,3
BadBoyHalo,pokimane,5
Corpse_Husband,CaptainPuffy,4
Corpse_Husband,Foolish_Gamers,4
Corpse_Husband,Punz,5
Corpse_Husband,jacksepticeye,5
Corpse_Husband,tommyinnitalt,8
Fundy,DreamAlt_,9
Fundy,ErynStreams,3
Fundy,karljacobs_alt,6
Fundy,purpled_alt,3
Fundy,quackitytingz,3
Fundy,ranbooalt,8
GeorgeNotFound,techneoblade,10
Philza,pokimane,3
Quackity,Camijara00,3
Quackity,Foolish_Gamers,10
Quackity,TheGrefg,7
QuackityToo,Foolish_Gamers,4
QuackityToo,Perxitaa,3
QuackityToo,PhilzALT,3
QuackityToo,mrbeast6000,4
Sapnap,mrbeast6000,3
Sapnap,neimki,4
Tubbo,Eret,3
Tubbo,jschlatt,9
WilburSoot,Sykkuno,4
WilburSoot,velvetiscake,3
dreamwastaken,Foolish_Gamers,11
dreamwastaken,ranbooalt,11
hannahxxrose,5uppp,3
hannahxxrose,Antfrost,6
hannahxxrose,BadBoyHalo,10
hannahxxrose,BoomerNA,8
hannahxxrose,CaptainPuffy,9
hannahxxrose,CaptainSparklez,5
hannahxxrose,Corpse_Husband,6
hannahxxrose,DreamAlt_,3
hannahxxrose,DropsByPonk,7
hannahxxrose,Eret,4
hannahxxrose,ErynStreams,3
hannahxxrose,Foolish_Gamers,10
hannahxxrose,Fundy,6
hannahxxrose,GeorgeNotFound,12
hannahxxrose,HBomb94,3
hannahxxrose,JackManifoldTV,9
hannahxxrose,JoshManifoldHDTV,3
hannahxxrose,JustaMinx,8
hannahxxrose,LanuSky,3
hannahxxrose,Michaelmcchill,4
hannahxxrose,Minecraft,4
hannahxxrose,Nihachu,11
hannahxxrose,PhilzALT,3
hannahxxrose,Philza,9
hannahxxrose,Punz,8
hannahxxrose,Purpled,6
hannahxxrose,Quackity,11
hannahxxrose,QuackityToo,10
hannahxxrose,RanbooLive,8
hannahxxrose,Sapnap,7
hannahxxrose,Slimecicle,8
hannahxxrose,Sykkuno,5
hannahxxrose,Technoblade,8
hannahxxrose,ThisIsNotGeorgeNotFound,8
hannahxxrose,TinaKitten,4
hannahxxrose,Tubbo,9
hannahxxrose,TubboLIVE,7
hannahxxrose,Wallibear,3
hannahxxrose,WilburSoot,13
hannahxxrose,awesamdude,7
hannahxxrose,beautie_,5
hannahxxrose,dreamwastaken,12
hannahxxrose,jschlatt,3
hannahxxrose,karljacobs,8
hannahxxrose,karlnetwork,10
hannahxxrose,neimki,7
hannahxxrose,pokimane,3
hannahxxrose,ranboobutnot,8
hannahxxrose,sapnapalt,9
hannahxxrose,skeppy,7
hannahxxrose,techneoblade,3
hannahxxrose,tommyinnit,11
hannahxxrose,tommyinnitalt,9
karljacobs,AriGameplays,6
karljacobs,DreamAlt_,9
karljacobs,ElSpreen,3
karljacobs,jschlatt,6
karljacobs,ranbooalt,5
tommyinnit,CaptainSparklez,10
tommyinnitalt,Antfrost,10
tommyinnitalt,BoomerNA,3
tommyinnitalt,CaptainSparklez,6
tommyinnitalt,PeteZahHutt,3
tommyinnitalt,Sykkuno,10
tommyinnitalt,aimsey,6
tommyinnitalt,beautie_,8
tommyinnitalt,phoodu,4
tommyinnitalt,piso4,3
TenZ,AverageJonas,4
TenZ,SicK_cs,7
TenZ,Subroza,8
TenZ,dapr,3
TenZ,iiTzTimmy,3
TenZ,tarik,4
TenZ,tommyinnit,5
TenZ,zombs,3
Kyedae,HasanAbi,6
Kyedae,Hiko,3
Kyedae,Myth,7
Kyedae,dapr,13
Kyedae,moistcr1tikal,4
Kyedae,tarik,3
Kyedae,zombs,3
ShahZaM,NICKMERCS,3
ShahZaM,TSM_ImperialHal,4
ShahZaM,aceu,6
ShahZaM,dapr,7
ShahZaM,valorant_jpn,3
VALORANT,ESL_CSGO,3
VALORANT,ElMariana,3
VALORANT,SypherPK,4
VALORANT,WARDELL,7
VALORANT,rite2ace,4
shroud,Fextralife,14
shroud,ShahZaM,13
shroud,StreamerHouse,3
shroud,TimTheTatman,7
shroud,Towelliee,4
shroud,VALORANT,8
shroud,iiTzTimmy,6
shroud,midbeast,3
shroud,xQcOW,25
sinatraa,Horcus,3
sinatraa,ZoK3R,4
sinatraa,aceu,6
sinatraa,blackelespanolito,3
sinatraa,soystan,3
tarik,AdinRoss,4
tarik,AsunaWEEB,4
tarik,Hiko,4
tarik,Kyedae,6
tarik,ScreaM,3
tarik,ShahZaM,10
tarik,SicK_cs,5
tarik,Subroza,5
tarik,TenZ,7
tarik,VALORANT,6
tarik,WARDELL,5
tarik,cNed,3
tarik,dapr,3
tarik,ethancs,3
tarik,ludwig,3
tarik,nAts,3
tarik,s0mcs,4
tarik,shanks_ttv,3
tarik,shroud,4
tarik,steel_tv,3
tarik,subiontwitch,3
tarik,tommyinnit,3
tarik,xQcOW,3
tarik,yayster,3
tarik,zombs,5
tommyinnit,beautie_,3
tommyinnit,ranbooalt,3
VALORANT,AverageJonas,4
VALORANT,ExionHD,4
VALORANT,OfficialBoaster,3
VALORANT,RakaZone,4
VALORANT,Riot Games,3
VALORANT,s0mcs,4
VALORANT,samayrainalive,3
VALORANT,shanks_ttv,3
VALORANT,superbuss_,3
Kyedae,ESL_CSGO,3
Kyedae,Emiru,4
Kyedae,NRG_Hamlinz,7
Kyedae,Ninja,3
Kyedae,Subroza,9
Kyedae,WilburSoot,3
Kyedae,kkatamina,4
Kyedae,starsmitten,3
ShahZaM,Grimm,3
ShahZaM,HITBOXKING,4
ShahZaM,Mixwell,3
ShahZaM,johnolsen_,3
TenZ,39daph,3
TenZ,GMHikaru,3
TenZ,Riot Games,3
TenZ,Sykkuno,3
TenZ,WARDELL,3
TenZ,kennyS,3
pokimane,SypherPK,3
shroud,Pestily,3
shroud,Riot Games,4
shroud,TenZ,9
shroud,pokimane,6
shroud,sinatraa,5
shroud,summit1g,14
sinatraa,AmSwagz,3
sinatraa,ApoLets,6
sinatraa,BoltLV,3
sinatraa,DIST1NCTI0N,9
sinatraa,Fakturka,5
sinatraa,GuysGoodGaming,9
sinatraa,HDSamie,8
sinatraa,HamudyZera,8
sinatraa,I_KILLED_A_HYPE,4
sinatraa,Jeffs,3
sinatraa,Jigginzz,24
sinatraa,Juntrik,5
sinatraa,KreakzGift,5
sinatraa,Mehdihimen_TV,5
sinatraa,RPGMais,18
sinatraa,RainEwos,9
sinatraa,Randqua,3
sinatraa,Saluted,32
sinatraa,Swoohgg,32
sinatraa,abualmud,16
sinatraa,account4saleasap,3
sinatraa,adsorded,3
sinatraa,aye_itz_jordan,7
sinatraa,bauermeinname,4
sinatraa,browserturkey,8
sinatraa,bruxobruxinho,5
sinatraa,bryanrichardz_,4
sinatraa,c4thegeneral,3
sinatraa,danybittman,4
sinatraa,dizzy725,3
sinatraa,elbichi,3
sinatraa,gtv8,3
sinatraa,huseyingunayy,3
sinatraa,imgwen_vt,3
sinatraa,jamhvh,5
sinatraa,lordcntero17,22
sinatraa,makarabr,4
sinatraa,nektaryn1,4
sinatraa,nemnogoposle,3
sinatraa,nonexistent,3
sinatraa,og6eso,4
sinatraa,papabhosz,10
sinatraa,saldanheira,6
sinatraa,shiaron_official,16
sinatraa,skylimeee,3
sinatraa,snapster007,32
sinatraa,v3ngeller,5
sinatraa,vJet,22
sinatraa,youngkingz_org,3
sinatraa,zypeylives,4
sinatraa,塩田いお,32
tommyinnit,aimsey,3
BadBoyHalo,DreamAlt_,12
BadBoyHalo,karljacobs_alt,3
BadBoyHalo,phoodu,3
BadBoyHalo,purpled_alt,3
Fundy,BoomerNA,3
Fundy,TinaKitten,3
Fundy,phoodu,3
Fundy,pokimane,6
GeorgeNotFound,Antfrost,3
GeorgeNotFound,ConnorEatsPants,3
GeorgeNotFound,DropsByPonk,3
GeorgeNotFound,jschlatt,8
JackManifoldTV,BoomerNA,3
JackManifoldTV,karljacobs_alt,7
JackManifoldTV,ranbooalt,4
Nihachu,TinaKitten,3
Philza,DreamAlt_,8
Philza,Sneegsnag,6
Philza,beautie_,6
Philza,karljacobs_alt,3
Quackity,PhilzALT,4
Quackity,jschlatt,3
Quackity,komanche,3
Quackity,mrbeast6000,3
Quackity,neimki,4
QuackityToo,Eret,3
QuackityToo,Jelty,3
QuackityToo,feezius_,3
RanbooLive,BoomerNA,3
Sapnap,Eret,5
ThisIsNotGeorgeNotFound,ElSpreen,3
ThisIsNotGeorgeNotFound,TapL,3
ThisIsNotGeorgeNotFound,piso4,3
Tubbo,Sykkuno,3
Tubbo,neimki,3
TubboLIVE,Eret,8
TubboLIVE,beautie_,3
TubboLIVE,karljacobs_alt,3
WilburSoot,CaptainSparklez,4
WilburSoot,DreamAlt_,4
WilburSoot,jschlatt,7
WilburSoot,neimki,6
karljacobs,DropsByPonk,3
karljacobs,PhilzALT,3
karljacobs,aimsey,3
karljacobs,mrbeast6000,3
karlnetwork,BoomerNA,7
karlnetwork,Foolish_Gamers,10
karlnetwork,PhilzALT,9
karlnetwork,beautie_,3
karlnetwork,jschlatt,3
tommyinnit,DreamAlt_,3
tommyinnitalt,ConnorEatsPants,3
tommyinnitalt,DanTDM,3
tommyinnitalt,DropsByPonk,3
tommyinnitalt,Eret,7
tommyinnitalt,Snifferish,3
tommyinnitalt,jschlatt,4
tommyinnitalt,nihachu1,3
shroud,Amouranth,3
shroud,NICKMERCS,5
shroud,Sykkuno,4
shroud,moistcr1tikal,3
Asmongold,AriaSaki,3
Asmongold,Bethesda,3
Asmongold,EsfandTV,6
Asmongold,Fextralife,3
Asmongold,HasanAbi,4
Asmongold,JustaMinx,3
Asmongold,Maya,3
Asmongold,Mizkif,5
Asmongold,Nmplol,6
Asmongold,Shenpai,3
Asmongold,SwaggerSouls,3
Asmongold,Sykkuno,5
Asmongold,TrashTastePodcast,3
Asmongold,cyr,3
Asmongold,ludwig,6
Asmongold,moistcr1tikal,3
Asmongold,richwcampbell,5
Asmongold,shroud,6
Asmongold,sodapoppin,5
Asmongold,xQcOW,9
Asmongold,zackrawrr,5
Fextralife,AdinRoss,3
Fextralife,Asmongold,3
Fextralife,Riot Games,4
Fextralife,StreamerHouse,4
Fextralife,ibai,3
Fextralife,xQcOW,3
NICKMERCS,AdinRoss,3
NICKMERCS,Amouranth,3
NICKMERCS,Aydan,5
NICKMERCS,BruceDropEmOff,3
NICKMERCS,FaZeSway,3
NICKMERCS,ImKaiCenat,3
NICKMERCS,Ninja,4
NICKMERCS,Nokokopuffs,4
NICKMERCS,Sommerset,5
NICKMERCS,Tfue,4
NICKMERCS,Whippy,3
NICKMERCS,sodapoppin,3
NICKMERCS,sweetdreams,3
NICKMERCS,xQcOW,7
Sykkuno,CaptainPuffy,3
Sykkuno,JustaMinx,3
Sykkuno,Markiplier,4
Sykkuno,awesamdude,3
Sykkuno,hJune,3
Sykkuno,moistcr1tikal,3
Sykkuno,xQcOW,3
loltyler1,Asmongold,3
loltyler1,Faker,3
loltyler1,Mizkif,3
loltyler1,Ninja,6
loltyler1,Riot Games,13
loltyler1,ShahZaM,7
loltyler1,Trainwreckstv,3
loltyler1,VALORANT,8
loltyler1,ethos,3
loltyler1,ludwig,6
loltyler1,midbeast,3
loltyler1,nAts,3
loltyler1,shroud,13
loltyler1,summit1g,3
loltyler1,xQcOW,10
loltyler1,木棉花官方頻道,3
summit1g,Amouranth,4
summit1g,Burn,3
summit1g,Dyrus,3
summit1g,EsfandTV,3
summit1g,Mizkif,9
summit1g,Morphologis,3
summit1g,Ninja,3
summit1g,Star Citizen,4
summit1g,SubliminalsTV,3
summit1g,Trainwreckstv,6
summit1g,loltyler1,6
summit1g,ludwig,5
summit1g,miniminter,3
summit1g,moistcr1tikal,3
summit1g,shroud,11
summit1g,sodapoppin,5
summit1g,xQcOW,11
summit1g,zackrawrr,3
xQcOW,Asmongold,3
xQcOW,HasanAbi,7
xQcOW,Mizkif,7
xQcOW,Ninja,3
xQcOW,Sykkuno,6
xQcOW,ludwig,6
xQcOW,moistcr1tikal,7
xQcOW,peterparkTV,3
xQcOW,shroud,14
xQcOW,zackrawrr,3
tommyinnit,DanTDM,3
tommyinnit,Eret,3
tommyinnit,neimki,4
BadBoyHalo,HBomb94,3
BadBoyHalo,Wallibear,3
BadBoyHalo,mrbeast6000,4
CaptainPuffy,BoomerNA,4
CaptainPuffy,DreamAlt_,5
CaptainPuffy,LanuSky,3
CaptainPuffy,PonK,3
CaptainPuffy,Sneegsnag,4
CaptainPuffy,ranbooalt,3
CaptainPuffy,ranboobutnot,9
Foolish_Gamers,Antfrost,8
Foolish_Gamers,BadBoyHalo,17
Foolish_Gamers,BobRoss,3
Foolish_Gamers,BoomerNA,5
Foolish_Gamers,CaptainPuffy,16
Foolish_Gamers,CaptainSparklez,5
Foolish_Gamers,ConnorEatsPants,8
Foolish_Gamers,Corpse_Husband,4
Foolish_Gamers,DreamAlt_,4
Foolish_Gamers,DropsByPonk,8
Foolish_Gamers,Eret,10
Foolish_Gamers,ErynStreams,3
Foolish_Gamers,Foolish__Gamers2,3
Foolish_Gamers,Fundy,12
Foolish_Gamers,GeorgeNotFound,13
Foolish_Gamers,HBomb94,7
Foolish_Gamers,JackManifoldTV,16
Foolish_Gamers,JustaMinx,6
Foolish_Gamers,Michaelmcchill,7
Foolish_Gamers,Nihachu,12
Foolish_Gamers,PhilzALT,5
Foolish_Gamers,Philza,16
Foolish_Gamers,Punz,12
Foolish_Gamers,Purpled,7
Foolish_Gamers,Quackity,13
Foolish_Gamers,QuackityToo,8
Foolish_Gamers,RanbooLive,17
Foolish_Gamers,Sapnap,13
Foolish_Gamers,Slimecicle,15
Foolish_Gamers,Sneegsnag,5
Foolish_Gamers,Snifferish,3
Foolish_Gamers,Sykkuno,5
Foolish_Gamers,Technoblade,13
Foolish_Gamers,ThisIsNotGeorgeNotFound,4
Foolish_Gamers,TinaKitten,3
Foolish_Gamers,Tubbo,15
Foolish_Gamers,TubboLIVE,13
Foolish_Gamers,WilburSoot,19
Foolish_Gamers,aimsey,3
Foolish_Gamers,awesamdude,13
Foolish_Gamers,dreamwastaken,17
Foolish_Gamers,hannahxxrose,12
Foolish_Gamers,jschlatt,9
Foolish_Gamers,karljacobs,13
Foolish_Gamers,karlnetwork,7
Foolish_Gamers,neimki,4
Foolish_Gamers,ranboobutnot,7
Foolish_Gamers,sapnapalt,3
Foolish_Gamers,skeppy,15
Foolish_Gamers,techneoblade,4
Foolish_Gamers,tommyinnit,16
Foolish_Gamers,tommyinnitalt,10
Fundy,LanuSky,4
Fundy,Minecraft,3
Fundy,Smajor,3
Fundy,TapL,3
Fundy,beautie_,6
GeorgeNotFound,Eret,3
JackManifoldTV,Sykkuno,5
JackManifoldTV,TapL,3
JackManifoldTV,TinaKitten,3
JackManifoldTV,purpled_alt,3
Philza,BoomerNA,3
Quackity,LakshartNia,3
RanbooLive,Antfrost,3
RanbooLive,Eret,4
RanbooLive,Foolish_Gamers,4
RanbooLive,neimki,4
Tubbo,aimsey,4
WilburSoot,DropsByPonk,4
dreamwastaken,ConnorEatsPants,3
dreamwastaken,DropsByPonk,4
dreamwastaken,ElMariana,3
dreamwastaken,Eret,3
dreamwastaken,jschlatt,5
dreamwastaken,juansguarnizo,3
karljacobs,TinaKitten,3
karlnetwork,CaptainSparklez,3
karlnetwork,DisguisedToast,3
karlnetwork,Eret,4
karlnetwork,Foolish__Gamers2,3
karlnetwork,TinaKitten,4
karlnetwork,caitibugzz,3
karlnetwork,piso4,3
skeppy,5uppp,3
skeppy,PonK,3
skeppy,Sneegsnag,4
skeppy,aimsey,4
skeppy,pokimane,4
tommyinnitalt,ErynStreams,4
tommyinnitalt,Michaelmcchill,3
xQcOW,ElMariana,3
xQcOW,Kyedae,4
xQcOW,Slimecicle,3
xQcOW,lilypichu,4
xQcOW,loltyler1,4
xQcOW,summit1g,3
Kyedae,BLOU,3
Kyedae,Grimm,5
Kyedae,Keeoh,3
Kyedae,peterparkTV,3
Kyedae,xChocoBars,3
lilypichu,CodeMiko,3
lilypichu,Kyedae,3
lilypichu,Tubbo,3
lilypichu,WilburSoot,3
lilypichu,Zentreya,3
lilypichu,hannahxxrose,3
lilypichu,karlnetwork,3
lilypichu,nyanners,3
loltyler1,CrystalMolly,3
loltyler1,LLA,3
loltyler1,Nissaxter,4
loltyler1,Scarra,3
loltyler1,Staryuuki,3
loltyler1,TenZ,3
loltyler1,TrumpSC,3
loltyler1,aceu,3
loltyler1,auronplay,3
loltyler1,ibai,3
loltyler1,lilypichu,3
loltyler1,moistcr1tikal,3
loltyler1,pokimane,3
