Source,Target,Weight
TenZ,Kyedae,114.0
TenZ,ShahZaM,93.0
TenZ,Sykkuno,10.0
TenZ,shroud,18.0
TenZ,xQcOW,23.0
Kyedae,Grimm,6.0
Kyedae,ShahZaM,48.0
Kyedae,Subroza,7.0
Kyedae,Sykkuno,5.0
Kyedae,TenZ,49.0
Kyedae,VALORANT,19.0
Kyedae,WARDELL,15.0
Kyedae,iiTzTimmy,10.0
Kyedae,pokimane,18.0
Kyedae,shroud,6.0
Kyedae,sinatraa,22.0
Kyedae,tarik,5.0
Kyedae,zombs,7.0
ShahZaM,ESL_CSGO,5.0
ShahZaM,Kyedae,39.0
ShahZaM,Mixwell,10.0
ShahZaM,Subroza,13.0
ShahZaM,TenZ,53.0
ShahZaM,VALORANT,40.0
ShahZaM,kennyS,5.0
ShahZaM,pokimane,17.0
ShahZaM,shroud,22.0
ShahZaM,sinatraa,23.0
ShahZaM,xQcOW,14.0
Subroza,AdinRoss,5.0
Subroza,AsunaWEEB,21.0
Subroza,AverageJonas,5.0
Subroza,Bugha,6.0
Subroza,Grimm,5.0
Subroza,Hiko,12.0
Subroza,Kaemiii,6.0
Subroza,Kyedae,41.0
Subroza,ShahZaM,67.0
Subroza,SicK_cs,16.0
Subroza,TenZ,29.0
Subroza,VALORANT,33.0
Subroza,WARDELL,28.0
Subroza,dapr,14.0
Subroza,nAts,6.0
Subroza,pokimane,7.0
Subroza,s0mcs,18.0
Subroza,shroud,12.0
Subroza,sinatraa,32.0
Subroza,summit1g,5.0
Subroza,tarik,20.0
Subroza,xQcOW,13.0
Subroza,zombs,18.0
Sykkuno,BadBoyHalo,15.0
Sykkuno,Foolish_Gamers,15.0
Sykkuno,GeorgeNotFound,10.0
Sykkuno,Kyedae,5.0
Sykkuno,Nihachu,17.0
Sykkuno,Punz,14.0
Sykkuno,ShahZaM,5.0
Sykkuno,TinaKitten,14.0
Sykkuno,Tubbo,17.0
Sykkuno,WilburSoot,16.0
Sykkuno,dreamwastaken,15.0
Sykkuno,ludwig,18.0
Sykkuno,moistcr1tikal,6.0
Sykkuno,pokimane,13.0
Sykkuno,tommyinnit,15.0
Sykkuno,xQcOW,14.0
TenZ,SicK_cs,6.0
TenZ,VALORANT,36.0
TenZ,ethos,5.0
TenZ,pokimane,16.0
TenZ,sinatraa,6.0
VALORANT,Kyedae,6.0
VALORANT,ShahZaM,8.0
VALORANT,TenZ,6.0
VALORANT,Tfue,5.0
VALORANT,shroud,5.0
WARDELL,AdinRoss,5.0
WARDELL,AsunaWEEB,20.0
WARDELL,AverageJonas,16.0
WARDELL,Flexinja,5.0
WARDELL,Governor,5.0
WARDELL,Hiko,11.0
WARDELL,JASONR,11.0
WARDELL,Kyedae,33.0
WARDELL,Myth,5.0
WARDELL,ShahZaM,72.0
WARDELL,SicK_cs,30.0
WARDELL,Subroza,35.0
WARDELL,TenZ,45.0
WARDELL,VALORANT,30.0
WARDELL,ethos,7.0
WARDELL,nAts,5.0
WARDELL,ploo,5.0
WARDELL,pokimane,18.0
WARDELL,s0mcs,11.0
WARDELL,shroud,28.0
WARDELL,sinatraa,20.0
WARDELL,tarik,22.0
WARDELL,xQcOW,10.0
WARDELL,zombs,12.0
iiTzTimmy,Albralelie,5.0
iiTzTimmy,Faide,6.0
iiTzTimmy,NICKMERCS,7.0
iiTzTimmy,ShahZaM,5.0
iiTzTimmy,ShivFPS,10.0
iiTzTimmy,TSM_ImperialHal,13.0
iiTzTimmy,Tfue,10.0
iiTzTimmy,TimTheTatman,6.0
iiTzTimmy,aceu,12.0
iiTzTimmy,daltoosh,7.0
iiTzTimmy,playapex,5.0
iiTzTimmy,shroud,7.0
iiTzTimmy,sweetdreams,5.0
iiTzTimmy,xQcOW,8.0
pokimane,Amouranth,5.0
pokimane,Corpse_Husband,8.0
pokimane,GeorgeNotFound,5.0
pokimane,Mizkif,21.0
pokimane,Sykkuno,24.0
pokimane,dreamwastaken,8.0
pokimane,ludwig,16.0
pokimane,moistcr1tikal,11.0
pokimane,xQcOW,18.0
shroud,Ninja,22.0
shroud,aceu,6.0
shroud,loltyler1,5.0
sinatraa,AverageJonas,20.0
sinatraa,Grimm,15.0
sinatraa,Kyedae,22.0
sinatraa,ScreaM,5.0
sinatraa,ShahZaM,40.0
sinatraa,SicK_cs,17.0
sinatraa,Subroza,13.0
sinatraa,TenZ,59.0
sinatraa,VALORANT,15.0
sinatraa,WARDELL,22.0
sinatraa,ploo,5.0
sinatraa,shroud,17.0
sinatraa,xQcOW,5.0
tarik,AdinRoss,6.0
tarik,AsunaWEEB,14.0
tarik,AverageJonas,5.0
tarik,Grimm,6.0
tarik,Hiko,6.0
tarik,Kyedae,8.0
tarik,ScreaM,5.0
tarik,ShahZaM,15.0
tarik,SicK_cs,11.0
tarik,Subroza,7.0
tarik,TenZ,16.0
tarik,VALORANT,10.0
tarik,WARDELL,5.0
tarik,aceu,5.0
tarik,dapr,9.0
tarik,ethos,5.0
tarik,kennyS,5.0
tarik,pokimane,5.0
tarik,shanks_ttv,5.0
tarik,sinatraa,9.0
tarik,xQcOW,6.0
tarik,zombs,6.0
ShahZaM,AsunaWEEB,13.0
ShahZaM,WARDELL,14.0
ShahZaM,zombs,8.0
Kyedae,AdinRoss,5.0
Kyedae,AsunaWEEB,6.0
Kyedae,AverageJonas,8.0
Subroza,NRG_Hamlinz,5.0
Subroza,ethos,5.0
Subroza,iiTzTimmy,5.0
Subroza,kennyS,5.0
TenZ,AsunaWEEB,5.0
WARDELL,Grimm,5.0
WARDELL,Keeoh,5.0
WARDELL,ScreaM,5.0
WARDELL,dapr,5.0
WARDELL,ludwig,5.0
WARDELL,shanks_ttv,5.0
shroud,ShahZaM,16.0
shroud,TenZ,21.0
shroud,iiTzTimmy,5.0
shroud,pokimane,12.0
sinatraa,AdinRoss,5.0
sinatraa,AsunaWEEB,16.0
sinatraa,Hiko,9.0
sinatraa,HowToNoodle,5.0
sinatraa,aceu,5.0
sinatraa,dapr,6.0
sinatraa,iiTzTimmy,5.0
sinatraa,kennyS,6.0
sinatraa,shanks_ttv,6.0
xQcOW,HasanAbi,12.0
xQcOW,Mizkif,17.0
xQcOW,TenZ,16.0
xQcOW,aceu,5.0
xQcOW,iiTzTimmy,5.0
xQcOW,ludwig,25.0
xQcOW,moistcr1tikal,26.0
xQcOW,pokimane,5.0
xQcOW,shroud,26.0
Sykkuno,BrookeAB,5.0
Sykkuno,CaptainPuffy,6.0
Sykkuno,CaptainSparklez,6.0
Sykkuno,Corpse_Husband,15.0
Sykkuno,JackManifoldTV,8.0
Sykkuno,JustaMinx,11.0
Sykkuno,Mizkif,5.0
Sykkuno,Philza,10.0
Sykkuno,Purpled,7.0
Sykkuno,Quackity,9.0
Sykkuno,RanbooLive,8.0
Sykkuno,Sapnap,5.0
Sykkuno,Slimecicle,5.0
Sykkuno,ThisIsNotGeorgeNotFound,5.0
Sykkuno,awesamdude,5.0
Sykkuno,beautie_,8.0
Sykkuno,hannahxxrose,8.0
Sykkuno,karljacobs,9.0
Sykkuno,karlnetwork,10.0
Sykkuno,phoodu,5.0
Sykkuno,sapnapalt,7.0
Sykkuno,skeppy,6.0
Sykkuno,tommyinnitalt,6.0
BadBoyHalo,CaptainPuffy,16.0
BadBoyHalo,Corpse_Husband,9.0
BadBoyHalo,Eret,6.0
BadBoyHalo,Foolish_Gamers,9.0
BadBoyHalo,Fundy,11.0
BadBoyHalo,GeorgeNotFound,38.0
BadBoyHalo,JackManifoldTV,15.0
BadBoyHalo,JustaMinx,11.0
BadBoyHalo,Nihachu,26.0
BadBoyHalo,Philza,28.0
BadBoyHalo,Punz,8.0
BadBoyHalo,Purpled,7.0
BadBoyHalo,Quackity,29.0
BadBoyHalo,QuackityToo,11.0
BadBoyHalo,RanbooLive,34.0
BadBoyHalo,Sapnap,25.0
BadBoyHalo,Sykkuno,7.0
BadBoyHalo,Technoblade,11.0
BadBoyHalo,ThisIsNotGeorgeNotFound,9.0
BadBoyHalo,Tubbo,39.0
BadBoyHalo,TubboLIVE,15.0
BadBoyHalo,WilburSoot,34.0
BadBoyHalo,awesamdude,9.0
BadBoyHalo,dreamwastaken,36.0
BadBoyHalo,hannahxxrose,8.0
BadBoyHalo,jschlatt,6.0
BadBoyHalo,karljacobs,21.0
BadBoyHalo,karlnetwork,5.0
BadBoyHalo,phoodu,6.0
BadBoyHalo,ranboobutnot,6.0
BadBoyHalo,skeppy,29.0
BadBoyHalo,techneoblade,5.0
BadBoyHalo,tommyinnit,38.0
BadBoyHalo,tommyinnitalt,10.0
BrookeAB,AdinRoss,5.0
BrookeAB,Amouranth,8.0
BrookeAB,Corpse_Husband,7.0
BrookeAB,Kyedae,12.0
BrookeAB,Mizkif,5.0
BrookeAB,NRG_Hamlinz,5.0
BrookeAB,ShahZaM,8.0
BrookeAB,Sykkuno,9.0
BrookeAB,TenZ,8.0
BrookeAB,TinaKitten,7.0
BrookeAB,cloakzy,6.0
BrookeAB,fuslie,7.0
BrookeAB,iiTzTimmy,5.0
BrookeAB,kkatamina,5.0
BrookeAB,ludwig,7.0
BrookeAB,michaelreeves,6.0
BrookeAB,pokimane,11.0
BrookeAB,shroud,6.0
BrookeAB,xQcOW,6.0
BrookeAB,zombs,5.0
CaptainPuffy,Antfrost,7.0
CaptainPuffy,BadBoyHalo,26.0
CaptainPuffy,Corpse_Husband,5.0
CaptainPuffy,DreamAlt_,5.0
CaptainPuffy,DropsByPonk,6.0
CaptainPuffy,Eret,17.0
CaptainPuffy,Foolish_Gamers,9.0
CaptainPuffy,Fundy,12.0
CaptainPuffy,GeorgeNotFound,30.0
CaptainPuffy,JackManifoldAlt,5.0
CaptainPuffy,JackManifoldTV,25.0
CaptainPuffy,JustaMinx,13.0
CaptainPuffy,Nihachu,38.0
CaptainPuffy,PhilzALT,8.0
CaptainPuffy,Philza,29.0
CaptainPuffy,Punz,9.0
CaptainPuffy,Purpled,10.0
CaptainPuffy,Quackity,32.0
CaptainPuffy,QuackityToo,17.0
CaptainPuffy,RanbooLive,37.0
CaptainPuffy,Sapnap,22.0
CaptainPuffy,Slimecicle,10.0
CaptainPuffy,Snifferish,5.0
CaptainPuffy,Sykkuno,7.0
CaptainPuffy,Technoblade,13.0
CaptainPuffy,ThisIsNotGeorgeNotFound,12.0
CaptainPuffy,Tubbo,40.0
CaptainPuffy,TubboLIVE,21.0
CaptainPuffy,WilburSoot,39.0
CaptainPuffy,aimsey,5.0
CaptainPuffy,awesamdude,10.0
CaptainPuffy,billzo,5.0
CaptainPuffy,dreamwastaken,28.0
CaptainPuffy,hannahxxrose,11.0
CaptainPuffy,jacksepticeye,6.0
CaptainPuffy,jschlatt,10.0
CaptainPuffy,karljacobs,27.0
CaptainPuffy,karlnetwork,14.0
CaptainPuffy,neimki,6.0
CaptainPuffy,ranboobutnot,14.0
CaptainPuffy,sapnapalt,8.0
CaptainPuffy,skeppy,24.0
CaptainPuffy,techneoblade,6.0
CaptainPuffy,tommyinnit,38.0
CaptainPuffy,tommyinnitalt,13.0
CaptainSparklez,5uppp,6.0
CaptainSparklez,BadBoyHalo,5.0
CaptainSparklez,CaptainPuffy,6.0
CaptainSparklez,Chobuu,5.0
CaptainSparklez,DropsByPonk,5.0
CaptainSparklez,Foolish_Gamers,20.0
CaptainSparklez,Fundy,8.0
CaptainSparklez,Nihachu,7.0
CaptainSparklez,Philza,7.0
CaptainSparklez,Punz,7.0
CaptainSparklez,QuackityToo,5.0
CaptainSparklez,RanbooLive,9.0
CaptainSparklez,Sapnap,5.0
CaptainSparklez,Slimecicle,6.0
CaptainSparklez,Sneegsnag,15.0
CaptainSparklez,Sykkuno,14.0
CaptainSparklez,Technoblade,5.0
CaptainSparklez,ThisIsNotGeorgeNotFound,5.0
CaptainSparklez,TinaKitten,5.0
CaptainSparklez,TubboLIVE,8.0
CaptainSparklez,WilburSoot,8.0
CaptainSparklez,Wisp,5.0
CaptainSparklez,aimsey,6.0
CaptainSparklez,awesamdude,7.0
CaptainSparklez,billzo,6.0
CaptainSparklez,dreamwastaken,10.0
CaptainSparklez,hannahxxrose,6.0
CaptainSparklez,karlnetwork,7.0
CaptainSparklez,ludwig,8.0
CaptainSparklez,phoodu,8.0
CaptainSparklez,projektmelody,7.0
CaptainSparklez,ranboobutnot,5.0
CaptainSparklez,tommyinnit,7.0
CaptainSparklez,vGumiho,5.0
CaptainSparklez,veibae,9.0
Corpse_Husband,Antfrost,6.0
Corpse_Husband,BadBoyHalo,8.0
Corpse_Husband,CaptainPuffy,9.0
Corpse_Husband,DisguisedToast,5.0
Corpse_Husband,Eret,5.0
Corpse_Husband,Foolish_Gamers,5.0
Corpse_Husband,Fundy,7.0
Corpse_Husband,GeorgeNotFound,10.0
Corpse_Husband,JackManifoldTV,13.0
Corpse_Husband,JustaMinx,6.0
Corpse_Husband,Markiplier,5.0
Corpse_Husband,Nihachu,8.0
Corpse_Husband,Philza,7.0
Corpse_Husband,Punz,6.0
Corpse_Husband,Purpled,5.0
Corpse_Husband,Quackity,13.0
Corpse_Husband,QuackityToo,10.0
Corpse_Husband,RanbooLive,11.0
Corpse_Husband,Sapnap,8.0
Corpse_Husband,Sykkuno,26.0
Corpse_Husband,Technoblade,8.0
Corpse_Husband,ThisIsNotGeorgeNotFound,5.0
Corpse_Husband,TinaKitten,8.0
Corpse_Husband,Tubbo,8.0
Corpse_Husband,TubboLIVE,6.0
Corpse_Husband,WilburSoot,8.0
Corpse_Husband,awesamdude,5.0
Corpse_Husband,dreamwastaken,13.0
Corpse_Husband,jacksepticeye,6.0
Corpse_Husband,karljacobs,14.0
Corpse_Husband,karlnetwork,7.0
Corpse_Husband,ludwig,6.0
Corpse_Husband,pokimane,10.0
Corpse_Husband,skeppy,10.0
Corpse_Husband,tommyinnit,8.0
Corpse_Husband,tommyinnitalt,5.0
Foolish_Gamers,BadBoyHalo,9.0
Foolish_Gamers,CaptainPuffy,8.0
Foolish_Gamers,CaptainSparklez,8.0
Foolish_Gamers,DreamAlt_,5.0
Foolish_Gamers,Fundy,7.0
Foolish_Gamers,GeorgeNotFound,11.0
Foolish_Gamers,JackManifoldTV,14.0
Foolish_Gamers,JustaMinx,5.0
Foolish_Gamers,Nihachu,10.0
Foolish_Gamers,Philza,14.0
Foolish_Gamers,Punz,10.0
Foolish_Gamers,Purpled,7.0
Foolish_Gamers,Quackity,12.0
Foolish_Gamers,QuackityToo,7.0
Foolish_Gamers,RanbooLive,19.0
Foolish_Gamers,Sapnap,12.0
Foolish_Gamers,Slimecicle,7.0
Foolish_Gamers,Technoblade,5.0
Foolish_Gamers,ThisIsNotGeorgeNotFound,7.0
Foolish_Gamers,TinaKitten,6.0
Foolish_Gamers,Tubbo,19.0
Foolish_Gamers,TubboLIVE,11.0
Foolish_Gamers,WilburSoot,10.0
Foolish_Gamers,awesamdude,5.0
Foolish_Gamers,dreamwastaken,11.0
Foolish_Gamers,jschlatt,5.0
Foolish_Gamers,karljacobs,11.0
Foolish_Gamers,karlnetwork,9.0
Foolish_Gamers,phoodu,8.0
Foolish_Gamers,ranboobutnot,5.0
Foolish_Gamers,sapnapalt,7.0
Foolish_Gamers,tommyinnit,13.0
GeorgeNotFound,BadBoyHalo,8.0
GeorgeNotFound,CaptainPuffy,7.0
GeorgeNotFound,DreamAlt_,6.0
GeorgeNotFound,Foolish_Gamers,6.0
GeorgeNotFound,Fundy,7.0
GeorgeNotFound,JackManifoldTV,8.0
GeorgeNotFound,JustaMinx,5.0
GeorgeNotFound,Nihachu,17.0
GeorgeNotFound,Philza,13.0
GeorgeNotFound,Quackity,24.0
GeorgeNotFound,QuackityToo,16.0
GeorgeNotFound,RanbooLive,28.0
GeorgeNotFound,Sapnap,19.0
GeorgeNotFound,Sykkuno,5.0
GeorgeNotFound,ThisIsNotGeorgeNotFound,14.0
GeorgeNotFound,Tubbo,30.0
GeorgeNotFound,TubboLIVE,16.0
GeorgeNotFound,WilburSoot,25.0
GeorgeNotFound,aimsey,5.0
GeorgeNotFound,awesamdude,8.0
GeorgeNotFound,dreamwastaken,44.0
GeorgeNotFound,hannahxxrose,6.0
GeorgeNotFound,karljacobs,18.0
GeorgeNotFound,karlnetwork,6.0
GeorgeNotFound,ranboobutnot,8.0
GeorgeNotFound,sapnapalt,10.0
GeorgeNotFound,skeppy,6.0
GeorgeNotFound,tommyinnit,38.0
GeorgeNotFound,tommyinnitalt,14.0
JackManifoldTV,BadBoyHalo,15.0
JackManifoldTV,CaptainPuffy,15.0
JackManifoldTV,Corpse_Husband,7.0
JackManifoldTV,DreamAlt_,5.0
JackManifoldTV,DropsByPonk,5.0
JackManifoldTV,Eret,7.0
JackManifoldTV,Foolish_Gamers,8.0
JackManifoldTV,Fundy,9.0
JackManifoldTV,GeorgeNotFound,36.0
JackManifoldTV,JustaMinx,9.0
JackManifoldTV,Nihachu,30.0
JackManifoldTV,PhilzALT,5.0
JackManifoldTV,Philza,23.0
JackManifoldTV,Quackity,30.0
JackManifoldTV,QuackityToo,21.0
JackManifoldTV,RanbooLive,46.0
JackManifoldTV,Sapnap,29.0
JackManifoldTV,Slimecicle,7.0
JackManifoldTV,Sneegsnag,5.0
JackManifoldTV,Sykkuno,5.0
JackManifoldTV,ThisIsNotGeorgeNotFound,10.0
JackManifoldTV,Tubbo,42.0
JackManifoldTV,TubboLIVE,22.0
JackManifoldTV,WilburSoot,40.0
JackManifoldTV,aimsey,6.0
JackManifoldTV,awesamdude,7.0
JackManifoldTV,billzo,5.0
JackManifoldTV,dreamwastaken,35.0
JackManifoldTV,hannahxxrose,5.0
JackManifoldTV,karljacobs,21.0
JackManifoldTV,karlnetwork,6.0
JackManifoldTV,ranboobutnot,13.0
JackManifoldTV,sapnapalt,9.0
JackManifoldTV,skeppy,12.0
JackManifoldTV,tommyinnit,46.0
JackManifoldTV,tommyinnitalt,17.0
JustaMinx,BadBoyHalo,6.0
JustaMinx,CaptainPuffy,12.0
JustaMinx,Emiru,5.0
JustaMinx,Eret,7.0
JustaMinx,EsfandTV,7.0
JustaMinx,Foolish_Gamers,5.0
JustaMinx,Fundy,5.0
JustaMinx,GeorgeNotFound,14.0
JustaMinx,JackManifoldTV,11.0
JustaMinx,Mizkif,9.0
JustaMinx,Nihachu,19.0
JustaMinx,Philza,10.0
JustaMinx,Purpled,6.0
JustaMinx,QTCinderella,6.0
JustaMinx,Quackity,12.0
JustaMinx,QuackityToo,5.0
JustaMinx,RanbooLive,20.0
JustaMinx,Sapnap,11.0
JustaMinx,Slimecicle,6.0
JustaMinx,ThisIsNotGeorgeNotFound,6.0
JustaMinx,Tubbo,20.0
JustaMinx,TubboLIVE,8.0
JustaMinx,WilburSoot,17.0
JustaMinx,awesamdude,5.0
JustaMinx,dreamwastaken,14.0
JustaMinx,jschlatt,6.0
JustaMinx,karljacobs,12.0
JustaMinx,ludwig,6.0
JustaMinx,ranboobutnot,6.0
JustaMinx,richwcampbell,6.0
JustaMinx,skeppy,7.0
JustaMinx,tommyinnit,16.0
JustaMinx,tommyinnitalt,6.0
Mizkif,EsfandTV,7.0
Mizkif,HasanAbi,18.0
Mizkif,Joe_Bartolozzi,5.0
Mizkif,Sykkuno,15.0
Mizkif,ludwig,22.0
Mizkif,moistcr1tikal,24.0
Mizkif,pokimane,5.0
Mizkif,xQcOW,27.0
Nihachu,BadBoyHalo,13.0
Nihachu,CaptainPuffy,15.0
Nihachu,Eret,8.0
Nihachu,Foolish_Gamers,10.0
Nihachu,Fundy,10.0
Nihachu,GeorgeNotFound,32.0
Nihachu,JackManifoldTV,21.0
Nihachu,JustaMinx,14.0
Nihachu,Philza,27.0
Nihachu,Quackity,24.0
Nihachu,QuackityToo,15.0
Nihachu,RanbooLive,38.0
Nihachu,Sapnap,26.0
Nihachu,Slimecicle,5.0
Nihachu,Sykkuno,8.0
Nihachu,Technoblade,7.0
Nihachu,ThisIsNotGeorgeNotFound,11.0
Nihachu,Tubbo,41.0
Nihachu,TubboLIVE,17.0
Nihachu,WilburSoot,34.0
Nihachu,aimsey,7.0
Nihachu,awesamdude,5.0
Nihachu,beautie_,6.0
Nihachu,billzo,5.0
Nihachu,dreamwastaken,33.0
Nihachu,jschlatt,6.0
Nihachu,karljacobs,26.0
Nihachu,karlnetwork,7.0
Nihachu,neimki,8.0
Nihachu,ranboobutnot,11.0
Nihachu,sapnapalt,8.0
Nihachu,skeppy,8.0
Nihachu,tommyinnit,42.0
Nihachu,tommyinnitalt,12.0
Philza,BadBoyHalo,14.0
Philza,CaptainPuffy,14.0
Philza,Corpse_Husband,5.0
Philza,Eret,8.0
Philza,Foolish_Gamers,9.0
Philza,Fundy,16.0
Philza,GeorgeNotFound,25.0
Philza,JackManifoldTV,13.0
Philza,JustaMinx,9.0
Philza,Nihachu,24.0
Philza,PhilzALT,10.0
Philza,Quackity,25.0
Philza,QuackityToo,13.0
Philza,RanbooLive,37.0
Philza,Sapnap,16.0
Philza,Technoblade,13.0
Philza,ThisIsNotGeorgeNotFound,10.0
Philza,Tubbo,39.0
Philza,TubboLIVE,15.0
Philza,WilburSoot,35.0
Philza,aimsey,7.0
Philza,awesamdude,8.0
Philza,dreamwastaken,30.0
Philza,hannahxxrose,5.0
Philza,karljacobs,18.0
Philza,neimki,5.0
Philza,ranboobutnot,8.0
Philza,sapnapalt,6.0
Philza,skeppy,7.0
Philza,techneoblade,5.0
Philza,tommyinnit,41.0
Philza,tommyinnitalt,14.0
Punz,Antfrost,12.0
Punz,BadBoyHalo,27.0
Punz,BoomerNA,8.0
Punz,CaptainPuffy,25.0
Punz,ConnorEatsPants,6.0
Punz,Corpse_Husband,9.0
Punz,DreamAlt_,7.0
Punz,DropsByPonk,14.0
Punz,Eret,19.0
Punz,ErynStreams,6.0
Punz,Foolish_Gamers,13.0
Punz,Fundy,22.0
Punz,GeorgeNotFound,30.0
Punz,HBomb94,5.0
Punz,JackManifoldTV,26.0
Punz,JustaMinx,16.0
Punz,Nihachu,28.0
Punz,PhilzALT,7.0
Punz,Philza,28.0
Punz,Purpled,21.0
Punz,Quackity,25.0
Punz,QuackityToo,18.0
Punz,RanbooLive,29.0
Punz,Sapnap,30.0
Punz,Slimecicle,16.0
Punz,Sneegsnag,5.0
Punz,Sykkuno,5.0
Punz,Technoblade,17.0
Punz,ThisIsNotGeorgeNotFound,19.0
Punz,TinaKitten,12.0
Punz,Tubbo,29.0
Punz,TubboLIVE,21.0
Punz,WilburSoot,29.0
Punz,aimsey,9.0
Punz,awesamdude,22.0
Punz,billzo,5.0
Punz,dreamwastaken,25.0
Punz,hannahxxrose,13.0
Punz,jschlatt,14.0
Punz,karljacobs,27.0
Punz,karlnetwork,14.0
Punz,ludwig,6.0
Punz,ranbooalt,8.0
Punz,ranboobutnot,15.0
Punz,sapnapalt,17.0
Punz,skeppy,25.0
Punz,techneoblade,7.0
Punz,tommyinnit,26.0
Punz,tommyinnitalt,9.0
Purpled,Antfrost,11.0
Purpled,BadBoyHalo,21.0
Purpled,CaptainPuffy,24.0
Purpled,ConnorEatsPants,6.0
Purpled,Corpse_Husband,10.0
Purpled,DreamAlt_,7.0
Purpled,DropsByPonk,11.0
Purpled,Eret,21.0
Purpled,ErynStreams,9.0
Purpled,Foolish_Gamers,22.0
Purpled,Fundy,17.0
Purpled,GeorgeNotFound,20.0
Purpled,JackManifoldTV,24.0
Purpled,JustaMinx,19.0
Purpled,LanuSky,5.0
Purpled,Nihachu,30.0
Purpled,Philza,28.0
Purpled,Punz,21.0
Purpled,Quackity,25.0
Purpled,QuackityToo,14.0
Purpled,RanbooLive,28.0
Purpled,Sapnap,19.0
Purpled,SleepyPuffy,5.0
Purpled,Slimecicle,12.0
Purpled,Sneegsnag,5.0
Purpled,Sykkuno,8.0
Purpled,Technoblade,11.0
Purpled,ThisIsNotGeorgeNotFound,17.0
Purpled,TinaKitten,5.0
Purpled,Tubbo,26.0
Purpled,TubboLIVE,19.0
Purpled,Wallibear,5.0
Purpled,WilburSoot,32.0
Purpled,aimsey,7.0
Purpled,awesamdude,14.0
Purpled,beautie_,6.0
Purpled,dreamwastaken,21.0
Purpled,hannahxxrose,18.0
Purpled,jschlatt,8.0
Purpled,karljacobs,20.0
Purpled,karlnetwork,13.0
Purpled,neimki,9.0
Purpled,phoodu,5.0
Purpled,purpled_alt,7.0
Purpled,ranboobutnot,15.0
Purpled,sapnapalt,11.0
Purpled,skeppy,20.0
Purpled,tommyinnit,32.0
Purpled,tommyinnitalt,14.0
Quackity,AriGameplays,7.0
Quackity,BadBoyHalo,11.0
Quackity,CaptainPuffy,6.0
Quackity,Foolish_Gamers,5.0
Quackity,Fundy,8.0
Quackity,GeorgeNotFound,27.0
Quackity,JackManifoldTV,7.0
Quackity,JustaMinx,6.0
Quackity,Nihachu,16.0
Quackity,Philza,12.0
Quackity,QuackityToo,24.0
Quackity,RanbooLive,24.0
Quackity,Sapnap,19.0
Quackity,Technoblade,7.0
Quackity,ThisIsNotGeorgeNotFound,12.0
Quackity,Tubbo,27.0
Quackity,TubboLIVE,14.0
Quackity,WilburSoot,19.0
Quackity,awesamdude,5.0
Quackity,dreamwastaken,27.0
Quackity,juansguarnizo,5.0
Quackity,karljacobs,17.0
Quackity,karlnetwork,8.0
Quackity,ranboobutnot,8.0
Quackity,sapnapalt,10.0
Quackity,skeppy,9.0
Quackity,techneoblade,5.0
Quackity,tommyinnit,32.0
Quackity,tommyinnitalt,11.0
RanbooLive,BadBoyHalo,8.0
RanbooLive,Foolish_Gamers,5.0
RanbooLive,Fundy,7.0
RanbooLive,GeorgeNotFound,25.0
RanbooLive,JackManifoldTV,10.0
RanbooLive,Nihachu,10.0
RanbooLive,Philza,20.0
RanbooLive,Quackity,12.0
RanbooLive,QuackityToo,10.0
RanbooLive,Sapnap,10.0
RanbooLive,ThisIsNotGeorgeNotFound,6.0
RanbooLive,Tubbo,35.0
RanbooLive,TubboLIVE,14.0
RanbooLive,WilburSoot,17.0
RanbooLive,dreamwastaken,24.0
RanbooLive,karljacobs,9.0
RanbooLive,karlnetwork,5.0
RanbooLive,ranboobutnot,10.0
RanbooLive,sapnapalt,6.0
RanbooLive,skeppy,5.0
RanbooLive,tommyinnit,41.0
RanbooLive,tommyinnitalt,13.0
Sapnap,BadBoyHalo,14.0
Sapnap,CaptainPuffy,11.0
Sapnap,DreamAlt_,5.0
Sapnap,DropsByPonk,6.0
Sapnap,Eret,7.0
Sapnap,Foolish_Gamers,12.0
Sapnap,Fundy,13.0
Sapnap,GeorgeNotFound,42.0
Sapnap,JackManifoldTV,16.0
Sapnap,JustaMinx,8.0
Sapnap,Nihachu,25.0
Sapnap,Philza,18.0
Sapnap,Punz,5.0
Sapnap,Purpled,5.0
Sapnap,Quackity,28.0
Sapnap,QuackityToo,23.0
Sapnap,RanbooLive,36.0
Sapnap,Sykkuno,6.0
Sapnap,Technoblade,9.0
Sapnap,ThisIsNotGeorgeNotFound,14.0
Sapnap,Tubbo,36.0
Sapnap,TubboLIVE,17.0
Sapnap,WilburSoot,30.0
Sapnap,aimsey,7.0
Sapnap,awesamdude,6.0
Sapnap,dreamwastaken,37.0
Sapnap,karljacobs,28.0
Sapnap,karlnetwork,14.0
Sapnap,ranboobutnot,9.0
Sapnap,sapnapalt,18.0
Sapnap,skeppy,11.0
Sapnap,tommyinnit,41.0
Sapnap,tommyinnitalt,10.0
Slimecicle,Antfrost,6.0
Slimecicle,BadBoyHalo,10.0
Slimecicle,CaptainPuffy,16.0
Slimecicle,Corpse_Husband,7.0
Slimecicle,Eret,10.0
Slimecicle,Foolish_Gamers,10.0
Slimecicle,Fundy,14.0
Slimecicle,GeorgeNotFound,12.0
Slimecicle,JackManifoldTV,21.0
Slimecicle,JustaMinx,10.0
Slimecicle,Markiplier,5.0
Slimecicle,Nihachu,20.0
Slimecicle,Philza,21.0
Slimecicle,Punz,7.0
Slimecicle,Purpled,12.0
Slimecicle,Quackity,21.0
Slimecicle,QuackityToo,16.0
Slimecicle,RanbooLive,23.0
Slimecicle,Sapnap,11.0
Slimecicle,Sneegsnag,5.0
Slimecicle,Sykkuno,5.0
Slimecicle,Technoblade,7.0
Slimecicle,ThisIsNotGeorgeNotFound,7.0
Slimecicle,Tubbo,21.0
Slimecicle,TubboLIVE,9.0
Slimecicle,WilburSoot,27.0
Slimecicle,aimsey,5.0
Slimecicle,awesamdude,7.0
Slimecicle,beautie_,6.0
Slimecicle,dreamwastaken,14.0
Slimecicle,hannahxxrose,8.0
Slimecicle,jschlatt,9.0
Slimecicle,karljacobs,14.0
Slimecicle,karlnetwork,7.0
Slimecicle,moistcr1tikal,5.0
Slimecicle,neimki,5.0
Slimecicle,ranboobutnot,7.0
Slimecicle,sapnapalt,7.0
Slimecicle,skeppy,11.0
Slimecicle,tommyinnit,22.0
Slimecicle,tommyinnitalt,8.0
ThisIsNotGeorgeNotFound,BadBoyHalo,10.0
ThisIsNotGeorgeNotFound,CaptainPuffy,10.0
ThisIsNotGeorgeNotFound,Corpse_Husband,5.0
ThisIsNotGeorgeNotFound,DreamAlt_,16.0
ThisIsNotGeorgeNotFound,Eret,7.0
ThisIsNotGeorgeNotFound,Foolish_Gamers,5.0
ThisIsNotGeorgeNotFound,GeorgeNotFound,49.0
ThisIsNotGeorgeNotFound,JackManifoldTV,9.0
ThisIsNotGeorgeNotFound,JustaMinx,10.0
ThisIsNotGeorgeNotFound,Nihachu,18.0
ThisIsNotGeorgeNotFound,PhilzALT,7.0
ThisIsNotGeorgeNotFound,Philza,14.0
ThisIsNotGeorgeNotFound,Punz,9.0
ThisIsNotGeorgeNotFound,Purpled,7.0
ThisIsNotGeorgeNotFound,Quackity,30.0
ThisIsNotGeorgeNotFound,QuackityToo,22.0
ThisIsNotGeorgeNotFound,RanbooLive,29.0
ThisIsNotGeorgeNotFound,Sapnap,20.0
ThisIsNotGeorgeNotFound,Sykkuno,7.0
ThisIsNotGeorgeNotFound,Technoblade,5.0
ThisIsNotGeorgeNotFound,TinaKitten,5.0
ThisIsNotGeorgeNotFound,Tubbo,33.0
ThisIsNotGeorgeNotFound,TubboLIVE,28.0
ThisIsNotGeorgeNotFound,WilburSoot,21.0
ThisIsNotGeorgeNotFound,aimsey,7.0
ThisIsNotGeorgeNotFound,dreamwastaken,37.0
ThisIsNotGeorgeNotFound,hannahxxrose,8.0
ThisIsNotGeorgeNotFound,jschlatt,5.0
ThisIsNotGeorgeNotFound,karljacobs,27.0
ThisIsNotGeorgeNotFound,karlnetwork,13.0
ThisIsNotGeorgeNotFound,neimki,7.0
ThisIsNotGeorgeNotFound,piso4,6.0
ThisIsNotGeorgeNotFound,ranbooalt,8.0
ThisIsNotGeorgeNotFound,ranboobutnot,21.0
ThisIsNotGeorgeNotFound,sapnapalt,19.0
ThisIsNotGeorgeNotFound,skeppy,6.0
ThisIsNotGeorgeNotFound,tommyinnit,40.0
ThisIsNotGeorgeNotFound,tommyinnitalt,29.0
TinaKitten,5uppp,5.0
TinaKitten,Antfrost,9.0
TinaKitten,BadBoyHalo,8.0
TinaKitten,BoomerNA,10.0
TinaKitten,CaptainPuffy,12.0
TinaKitten,ConnorEatsPants,6.0
TinaKitten,Corpse_Husband,13.0
TinaKitten,DreamAlt_,13.0
TinaKitten,DropsByPonk,6.0
TinaKitten,Eret,12.0
TinaKitten,ErynStreams,20.0
TinaKitten,Foolish_Gamers,14.0
TinaKitten,Fundy,16.0
TinaKitten,GeorgeNotFound,16.0
TinaKitten,HBomb94,5.0
TinaKitten,JackManifoldTV,14.0
TinaKitten,Jikishi,14.0
TinaKitten,JustaMinx,12.0
TinaKitten,Michaelmcchill,6.0
TinaKitten,Nihachu,25.0
TinaKitten,Philza,17.0
TinaKitten,Punz,13.0
TinaKitten,Purpled,15.0
TinaKitten,Quackity,12.0
TinaKitten,QuackityToo,21.0
TinaKitten,RanbooLive,16.0
TinaKitten,Sapnap,14.0
TinaKitten,ShubbleYT,7.0
TinaKitten,SleepyPuffy,5.0
TinaKitten,Slimecicle,9.0
TinaKitten,Sneegsnag,5.0
TinaKitten,Sykkuno,5.0
TinaKitten,Technoblade,7.0
TinaKitten,ThisIsNotGeorgeNotFound,14.0
TinaKitten,Tubbo,20.0
TinaKitten,TubboLIVE,21.0
TinaKitten,WilburSoot,16.0
TinaKitten,aimsey,16.0
TinaKitten,awesamdude,12.0
TinaKitten,bearbubb,5.0
TinaKitten,beautie_,20.0
TinaKitten,billzo,10.0
TinaKitten,caitibugzz,7.0
TinaKitten,dreamwastaken,13.0
TinaKitten,hannahxxrose,7.0
TinaKitten,karljacobs,12.0
TinaKitten,karlnetwork,19.0
TinaKitten,ludwig,5.0
TinaKitten,neimki,15.0
TinaKitten,piso4,11.0
TinaKitten,ranboobutnot,16.0
TinaKitten,sapnapalt,20.0
TinaKitten,spideyarmy,5.0
TinaKitten,sylveey,5.0
TinaKitten,tommyinnit,11.0
TinaKitten,tommyinnitalt,12.0
Tubbo,BadBoyHalo,9.0
Tubbo,CaptainPuffy,5.0
Tubbo,GeorgeNotFound,27.0
Tubbo,JackManifoldTV,5.0
Tubbo,Nihachu,14.0
Tubbo,Philza,16.0
Tubbo,Quackity,14.0
Tubbo,QuackityToo,9.0
Tubbo,RanbooLive,41.0
Tubbo,Sapnap,15.0
Tubbo,Technoblade,6.0
Tubbo,ThisIsNotGeorgeNotFound,9.0
Tubbo,TubboLIVE,13.0
Tubbo,WilburSoot,25.0
Tubbo,dreamwastaken,28.0
Tubbo,karljacobs,14.0
Tubbo,karlnetwork,5.0
Tubbo,ranboobutnot,7.0
Tubbo,sapnapalt,5.0
Tubbo,skeppy,5.0
Tubbo,tommyinnit,43.0
Tubbo,tommyinnitalt,17.0
WilburSoot,BadBoyHalo,13.0
WilburSoot,CaptainPuffy,9.0
WilburSoot,Corpse_Husband,5.0
WilburSoot,Eret,6.0
WilburSoot,Foolish_Gamers,7.0
WilburSoot,Fundy,10.0
WilburSoot,GeorgeNotFound,33.0
WilburSoot,JackManifoldTV,15.0
WilburSoot,Nihachu,22.0
WilburSoot,PhilzALT,5.0
WilburSoot,Philza,28.0
WilburSoot,Quackity,23.0
WilburSoot,QuackityToo,13.0
WilburSoot,RanbooLive,37.0
WilburSoot,Sapnap,22.0
WilburSoot,Slimecicle,6.0
WilburSoot,Sykkuno,5.0
WilburSoot,Technoblade,7.0
WilburSoot,ThisIsNotGeorgeNotFound,9.0
WilburSoot,Tubbo,44.0
WilburSoot,TubboLIVE,18.0
WilburSoot,aimsey,5.0
WilburSoot,awesamdude,6.0
WilburSoot,dreamwastaken,33.0
WilburSoot,karljacobs,22.0
WilburSoot,karlnetwork,6.0
WilburSoot,ranboobutnot,8.0
WilburSoot,sapnapalt,8.0
WilburSoot,skeppy,8.0
WilburSoot,tommyinnit,41.0
WilburSoot,tommyinnitalt,15.0
awesamdude,Antfrost,11.0
awesamdude,BadBoyHalo,24.0
awesamdude,BoomerNA,8.0
awesamdude,CaptainPuffy,24.0
awesamdude,ConnorEatsPants,6.0
awesamdude,Corpse_Husband,6.0
awesamdude,DreamAlt_,7.0
awesamdude,DropsByPonk,19.0
awesamdude,Eret,15.0
awesamdude,ErynStreams,8.0
awesamdude,Foolish_Gamers,13.0
awesamdude,Fundy,17.0
awesamdude,GeorgeNotFound,24.0
awesamdude,JackManifoldTV,22.0
awesamdude,JustaMinx,12.0
awesamdude,Nihachu,27.0
awesamdude,PhilzALT,7.0
awesamdude,Philza,34.0
awesamdude,Punz,21.0
awesamdude,Purpled,19.0
awesamdude,Quackity,26.0
awesamdude,QuackityToo,17.0
awesamdude,RanbooLive,25.0
awesamdude,Sapnap,17.0
awesamdude,ShubbleYT,8.0
awesamdude,Slimecicle,13.0
awesamdude,Smajor,5.0
awesamdude,Sneegsnag,7.0
awesamdude,Technoblade,16.0
awesamdude,ThisIsNotGeorgeNotFound,13.0
awesamdude,TinaKitten,8.0
awesamdude,Tubbo,31.0
awesamdude,TubboLIVE,17.0
awesamdude,WilburSoot,31.0
awesamdude,aimsey,9.0
awesamdude,billzo,5.0
awesamdude,dreamwastaken,21.0
awesamdude,hannahxxrose,15.0
awesamdude,jschlatt,15.0
awesamdude,karljacobs,23.0
awesamdude,karlnetwork,9.0
awesamdude,neimki,7.0
awesamdude,ranboobutnot,11.0
awesamdude,sapnapalt,11.0
awesamdude,skeppy,23.0
awesamdude,techneoblade,10.0
awesamdude,tommyinnit,25.0
awesamdude,tommyinnitalt,13.0
dreamwastaken,BadBoyHalo,8.0
dreamwastaken,GeorgeNotFound,25.0
dreamwastaken,Nihachu,8.0
dreamwastaken,Philza,11.0
dreamwastaken,Quackity,13.0
dreamwastaken,QuackityToo,6.0
dreamwastaken,RanbooLive,23.0
dreamwastaken,Sapnap,9.0
dreamwastaken,Sykkuno,6.0
dreamwastaken,ThisIsNotGeorgeNotFound,7.0
dreamwastaken,Tubbo,22.0
dreamwastaken,TubboLIVE,7.0
dreamwastaken,WilburSoot,13.0
dreamwastaken,karljacobs,8.0
dreamwastaken,tommyinnit,30.0
dreamwastaken,tommyinnitalt,7.0
hannahxxrose,Antfrost,7.0
hannahxxrose,BadBoyHalo,13.0
hannahxxrose,Blushi,5.0
hannahxxrose,BoomerNA,7.0
hannahxxrose,CaptainPuffy,17.0
hannahxxrose,Corpse_Husband,6.0
hannahxxrose,DreamAlt_,5.0
hannahxxrose,DropsByPonk,9.0
hannahxxrose,Eret,10.0
hannahxxrose,ErynStreams,9.0
hannahxxrose,Foolish_Gamers,11.0
hannahxxrose,Fundy,9.0
hannahxxrose,GeorgeNotFound,19.0
hannahxxrose,HBomb94,5.0
hannahxxrose,JackManifoldTV,14.0
hannahxxrose,Jikishi,6.0
hannahxxrose,JustaMinx,11.0
hannahxxrose,Nihachu,20.0
hannahxxrose,Philza,13.0
hannahxxrose,Punz,13.0
hannahxxrose,Purpled,16.0
hannahxxrose,Quackity,13.0
hannahxxrose,QuackityToo,7.0
hannahxxrose,RanbooLive,20.0
hannahxxrose,Sapnap,10.0
hannahxxrose,Slimecicle,9.0
hannahxxrose,Sneegsnag,6.0
hannahxxrose,Technoblade,11.0
hannahxxrose,ThisIsNotGeorgeNotFound,7.0
hannahxxrose,TinaKitten,8.0
hannahxxrose,Tubbo,22.0
hannahxxrose,TubboLIVE,18.0
hannahxxrose,Wallibear,7.0
hannahxxrose,WilburSoot,20.0
hannahxxrose,aimsey,8.0
hannahxxrose,awesamdude,13.0
hannahxxrose,beautie_,6.0
hannahxxrose,dreamwastaken,19.0
hannahxxrose,jschlatt,7.0
hannahxxrose,karljacobs,11.0
hannahxxrose,karlnetwork,7.0
hannahxxrose,ludwig,6.0
hannahxxrose,ranboobutnot,5.0
hannahxxrose,sapnapalt,8.0
hannahxxrose,skeppy,12.0
hannahxxrose,tommyinnit,23.0
hannahxxrose,tommyinnitalt,13.0
karljacobs,BadBoyHalo,13.0
karljacobs,CaptainPuffy,14.0
karljacobs,Corpse_Husband,7.0
karljacobs,DreamAlt_,5.0
karljacobs,Eret,6.0
karljacobs,Foolish_Gamers,10.0
karljacobs,Fundy,9.0
karljacobs,GeorgeNotFound,32.0
karljacobs,JackManifoldTV,11.0
karljacobs,JustaMinx,7.0
karljacobs,Nihachu,20.0
karljacobs,PhilzALT,5.0
karljacobs,Philza,23.0
karljacobs,Quackity,33.0
karljacobs,QuackityToo,20.0
karljacobs,RanbooLive,37.0
karljacobs,Sapnap,29.0
karljacobs,Sykkuno,7.0
karljacobs,Technoblade,7.0
karljacobs,ThisIsNotGeorgeNotFound,13.0
karljacobs,Tubbo,35.0
karljacobs,TubboLIVE,13.0
karljacobs,WilburSoot,33.0
karljacobs,aimsey,7.0
karljacobs,awesamdude,8.0
karljacobs,dreamwastaken,30.0
karljacobs,hannahxxrose,6.0
karljacobs,karlnetwork,14.0
karljacobs,ranboobutnot,13.0
karljacobs,sapnapalt,14.0
karljacobs,skeppy,12.0
karljacobs,tommyinnit,34.0
karljacobs,tommyinnitalt,10.0
karlnetwork,BadBoyHalo,15.0
karlnetwork,CaptainPuffy,13.0
karlnetwork,Eret,5.0
karlnetwork,Foolish_Gamers,12.0
karlnetwork,Fundy,5.0
karlnetwork,GeorgeNotFound,30.0
karlnetwork,JackManifoldTV,9.0
karlnetwork,JustaMinx,7.0
karlnetwork,Nihachu,19.0
karlnetwork,PhilzALT,7.0
karlnetwork,Philza,15.0
karlnetwork,Quackity,32.0
karlnetwork,QuackityToo,28.0
karlnetwork,RanbooLive,32.0
karlnetwork,Sapnap,24.0
karlnetwork,Sykkuno,7.0
karlnetwork,ThisIsNotGeorgeNotFound,23.0
karlnetwork,TinaKitten,9.0
karlnetwork,Tubbo,26.0
karlnetwork,TubboLIVE,21.0
karlnetwork,WilburSoot,19.0
karlnetwork,beautie_,6.0
karlnetwork,dreamwastaken,24.0
karlnetwork,hannahxxrose,7.0
karlnetwork,karljacobs,35.0
karlnetwork,karljacobs_alt,8.0
karlnetwork,neimki,9.0
karlnetwork,ranboobutnot,20.0
karlnetwork,sapnapalt,23.0
karlnetwork,skeppy,10.0
karlnetwork,tommyinnit,32.0
karlnetwork,tommyinnitalt,19.0
ludwig,AdinRoss,6.0
ludwig,AriaSaki,6.0
ludwig,BrookeAB,5.0
ludwig,Corpse_Husband,14.0
ludwig,EsfandTV,5.0
ludwig,HasanAbi,16.0
ludwig,Kyedae,5.0
ludwig,Mizkif,25.0
ludwig,Sykkuno,31.0
ludwig,TinaKitten,16.0
ludwig,VALORANT,5.0
ludwig,iiTzTimmy,6.0
ludwig,kkatamina,5.0
ludwig,lilypichu,8.0
ludwig,moistcr1tikal,24.0
ludwig,shroud,7.0
ludwig,xQcOW,28.0
pokimane,EsfandTV,8.0
pokimane,HasanAbi,5.0
pokimane,richwcampbell,7.0
sapnapalt,BadBoyHalo,16.0
sapnapalt,CaptainPuffy,14.0
sapnapalt,Corpse_Husband,9.0
sapnapalt,DreamAlt_,7.0
sapnapalt,Eret,14.0
sapnapalt,ErynStreams,6.0
sapnapalt,Foolish_Gamers,15.0
sapnapalt,Fundy,14.0
sapnapalt,GeorgeNotFound,32.0
sapnapalt,JackManifoldTV,19.0
sapnapalt,JustaMinx,8.0
sapnapalt,Nihachu,22.0
sapnapalt,PhilzALT,5.0
sapnapalt,Philza,16.0
sapnapalt,Punz,8.0
sapnapalt,Purpled,9.0
sapnapalt,Quackity,32.0
sapnapalt,QuackityToo,25.0
sapnapalt,RanbooLive,36.0
sapnapalt,Sapnap,38.0
sapnapalt,Slimecicle,6.0
sapnapalt,Sneegsnag,11.0
sapnapalt,Sykkuno,5.0
sapnapalt,TapL,7.0
sapnapalt,Technoblade,10.0
sapnapalt,ThisIsNotGeorgeNotFound,22.0
sapnapalt,TinaKitten,7.0
sapnapalt,Tubbo,30.0
sapnapalt,TubboLIVE,27.0
sapnapalt,WilburSoot,30.0
sapnapalt,aimsey,7.0
sapnapalt,awesamdude,8.0
sapnapalt,billzo,5.0
sapnapalt,dreamwastaken,29.0
sapnapalt,hannahxxrose,7.0
sapnapalt,jschlatt,7.0
sapnapalt,karljacobs,32.0
sapnapalt,karljacobs_alt,6.0
sapnapalt,karlnetwork,24.0
sapnapalt,neimki,9.0
sapnapalt,phoodu,6.0
sapnapalt,piso4,6.0
sapnapalt,ranbooalt,5.0
sapnapalt,ranboobutnot,22.0
sapnapalt,skeppy,8.0
sapnapalt,techneoblade,5.0
sapnapalt,tommyinnit,34.0
sapnapalt,tommyinnitalt,21.0
skeppy,BadBoyHalo,44.0
skeppy,CaptainPuffy,28.0
skeppy,CaptainSparklez,7.0
skeppy,ConnorEatsPants,5.0
skeppy,Corpse_Husband,9.0
skeppy,DropsByPonk,10.0
skeppy,Eret,11.0
skeppy,Foolish_Gamers,13.0
skeppy,Fundy,17.0
skeppy,GeorgeNotFound,40.0
skeppy,JackManifoldTV,21.0
skeppy,JustaMinx,16.0
skeppy,Nihachu,30.0
skeppy,PhilzALT,6.0
skeppy,Philza,28.0
skeppy,Punz,15.0
skeppy,Purpled,12.0
skeppy,Quackity,39.0
skeppy,QuackityToo,19.0
skeppy,RanbooLive,31.0
skeppy,Sapnap,27.0
skeppy,Slimecicle,8.0
skeppy,Sykkuno,10.0
skeppy,Technoblade,16.0
skeppy,ThisIsNotGeorgeNotFound,13.0
skeppy,Tubbo,37.0
skeppy,TubboLIVE,22.0
skeppy,WilburSoot,38.0
skeppy,aimsey,5.0
skeppy,awesamdude,13.0
skeppy,dreamwastaken,37.0
skeppy,hannahxxrose,8.0
skeppy,jschlatt,8.0
skeppy,karljacobs,27.0
skeppy,karlnetwork,10.0
skeppy,neimki,5.0
skeppy,phoodu,7.0
skeppy,ranboobutnot,11.0
skeppy,sapnapalt,6.0
skeppy,techneoblade,6.0
skeppy,tommyinnit,38.0
skeppy,tommyinnitalt,12.0
tommyinnit,BadBoyHalo,17.0
tommyinnit,Foolish_Gamers,14.0
tommyinnit,Fundy,12.0
tommyinnit,GeorgeNotFound,47.0
tommyinnit,JackManifoldTV,14.0
tommyinnit,Nihachu,22.0
tommyinnit,Philza,32.0
tommyinnit,Quackity,31.0
tommyinnit,QuackityToo,17.0
tommyinnit,RanbooLive,56.0
tommyinnit,Sapnap,31.0
tommyinnit,Sykkuno,11.0
tommyinnit,Technoblade,11.0
tommyinnit,ThisIsNotGeorgeNotFound,5.0
tommyinnit,Tubbo,64.0
tommyinnit,TubboLIVE,18.0
tommyinnit,WilburSoot,34.0
tommyinnit,dreamwastaken,49.0
tommyinnit,karljacobs,23.0
tommyinnit,karlnetwork,11.0
tommyinnit,phoodu,5.0
tommyinnit,ranboobutnot,12.0
tommyinnit,sapnapalt,12.0
tommyinnit,skeppy,13.0
tommyinnit,tommyinnitalt,30.0
tommyinnitalt,BadBoyHalo,8.0
tommyinnitalt,CaptainPuffy,9.0
tommyinnitalt,Corpse_Husband,6.0
tommyinnitalt,DreamAlt_,11.0
tommyinnitalt,ErynStreams,5.0
tommyinnitalt,Foolish_Gamers,7.0
tommyinnitalt,Fundy,6.0
tommyinnitalt,GeorgeNotFound,23.0
tommyinnitalt,JackManifoldTV,11.0
tommyinnitalt,JustaMinx,5.0
tommyinnitalt,Nihachu,13.0
tommyinnitalt,PhilzALT,7.0
tommyinnitalt,Philza,16.0
tommyinnitalt,Quackity,23.0
tommyinnitalt,QuackityToo,20.0
tommyinnitalt,RanbooLive,30.0
tommyinnitalt,Sapnap,17.0
tommyinnitalt,Sykkuno,6.0
tommyinnitalt,ThisIsNotGeorgeNotFound,16.0
tommyinnitalt,TinaKitten,7.0
tommyinnitalt,Tubbo,33.0
tommyinnitalt,TubboLIVE,28.0
tommyinnitalt,WilburSoot,22.0
tommyinnitalt,aimsey,7.0
tommyinnitalt,dreamwastaken,24.0
tommyinnitalt,hannahxxrose,5.0
tommyinnitalt,jschlatt,7.0
tommyinnitalt,karljacobs,17.0
tommyinnitalt,karlnetwork,14.0
tommyinnitalt,neimki,5.0
tommyinnitalt,ranboobutnot,17.0
tommyinnitalt,sapnapalt,15.0
tommyinnitalt,skeppy,7.0
tommyinnitalt,tommyinnit,47.0
xQcOW,Sykkuno,5.0
xQcOW,VALORANT,6.0
xQcOW,loltyler1,5.0
xQcOW,sinatraa,10.0
Ninja,Tubbo,5.0
Ninja,dreamwastaken,6.0
Ninja,pokimane,8.0
Ninja,shroud,5.0
Ninja,tommyinnit,7.0
ShahZaM,ScreaM,5.0
ShahZaM,iiTzTimmy,5.0
ShahZaM,ludwig,5.0
TenZ,Amouranth,5.0
TenZ,Grimm,11.0
TenZ,Ninja,5.0
TenZ,Subroza,6.0
xQcOW,AdinRoss,5.0
xQcOW,tommyinnit,5.0
AdinRoss,IShowSpeed,5.0
AdinRoss,ImKaiCenat,11.0
AdinRoss,yourragegaming,5.0
Mizkif,39daph,5.0
Mizkif,AriaSaki,8.0
Mizkif,Emiru,5.0
Mizkif,JustaMinx,6.0
Mizkif,Myth,5.0
Mizkif,TimTheTatman,5.0
Mizkif,TinaKitten,5.0
Mizkif,hJune,5.0
Mizkif,lilypichu,6.0
Mizkif,michaelreeves,5.0
Mizkif,summit1g,8.0
Mizkif,veibae,5.0
TenZ,WARDELL,7.0
ludwig,CaptainPuffy,5.0
ludwig,Foolish_Gamers,5.0
ludwig,Fundy,6.0
ludwig,Jikishi,5.0
ludwig,JustaMinx,5.0
ludwig,Nihachu,9.0
ludwig,Philza,5.0
ludwig,RanbooLive,6.0
ludwig,Sapnap,7.0
ludwig,Slimecicle,5.0
ludwig,Sneegsnag,7.0
ludwig,Tubbo,6.0
ludwig,TubboLIVE,6.0
ludwig,aimsey,5.0
ludwig,dreamwastaken,5.0
ludwig,karljacobs,5.0
ludwig,karlnetwork,5.0
ludwig,pokimane,6.0
ludwig,summit1g,5.0
ludwig,tommyinnit,6.0
moistcr1tikal,AdinRoss,5.0
moistcr1tikal,HasanAbi,6.0
moistcr1tikal,Mizkif,6.0
moistcr1tikal,Sykkuno,7.0
moistcr1tikal,ludwig,10.0
moistcr1tikal,xQcOW,12.0
shroud,AsunaWEEB,5.0
shroud,Riot Games,5.0
shroud,SicK_cs,5.0
shroud,xQcOW,6.0
sinatraa,3hunny,8.0
sinatraa,4PFllc,8.0
sinatraa,DIST1NCTI0N,11.0
sinatraa,GuysGoodGaming,5.0
sinatraa,HDSamie,42.0
sinatraa,HamudyZera,11.0
sinatraa,I_KILLED_A_HYPE,7.0
sinatraa,Jeffs,7.0
sinatraa,Jigginzz,6.0
sinatraa,PolatBreakeR,10.0
sinatraa,RPGMais,17.0
sinatraa,Saluted,21.0
sinatraa,Swoohgg,19.0
sinatraa,THEODORTlive,5.0
sinatraa,alopelol,6.0
sinatraa,elbichi,5.0
sinatraa,elf0v_,17.0
sinatraa,elvinvalorant,6.0
sinatraa,heyflu_,20.0
sinatraa,illaillss,7.0
sinatraa,ilyxpilled,17.0
sinatraa,jamhvh,34.0
sinatraa,k1ngl1ght,13.0
sinatraa,magohotdog1,5.0
sinatraa,mayin_fucs,8.0
sinatraa,papabhosz,25.0
sinatraa,quadd4rv1n7,13.0
sinatraa,shiaron_official,14.0
sinatraa,snapster007,40.0
sinatraa,teakzfn,5.0
sinatraa,tfnicca,8.0
sinatraa,therealwinterjade,6.0
sinatraa,vJet,19.0
sinatraa,yennefergi,6.0
sinatraa,ywika,7.0
sinatraa,塩田いお,8.0
tommyinnit,CaptainPuffy,5.0
tommyinnit,Corpse_Husband,5.0
tommyinnit,DropsByPonk,5.0
tommyinnit,PhilzALT,5.0
